{"Protocol":0,"Id":"257ae32146d3c0e33f298e7110f17f41","Path":"/data/movies/movie/www.UIndex.org    -    The Odyssey 2026 1080p AMZN WEB-DL DDP5 1 H 264-Kitsune/The Odyssey 2026 1080p AMZN WEB-DL DDP5 1 H 264-Kitsune.mkv","EncoderPath":null,"EncoderProtocol":null,"Type":0,"Container":"mkv","Size":4673211458,"Name":"The Odyssey 2026 1080p AMZN WEB-DL DDP5 1 H 264-Kitsune","IsRemote":false,"ETag":"f544671ed8ef7b7ed12acf2be4e4f592","RunTimeTicks":51634560000,"ReadAtNativeFramerate":false,"IgnoreDts":false,"IgnoreIndex":false,"GenPtsInput":false,"SupportsTranscoding":true,"SupportsDirectStream":true,"SupportsDirectPlay":true,"IsInfiniteStream":false,"UseMostCompatibleTranscodingProfile":false,"RequiresOpening":false,"OpenToken":null,"RequiresClosing":false,"LiveStreamId":null,"BufferMs":null,"RequiresLooping":false,"SupportsProbing":true,"VideoType":0,"IsoType":null,"Video3DFormat":null,"MediaStreams":[{"Codec":"h264","CodecTag":null,"Language":null,"ColorRange":null,"ColorSpace":"bt709","ColorTransfer":"bt709","ColorPrimaries":"bt709","DvVersionMajor":null,"DvVersionMinor":null,"DvProfile":null,"DvLevel":null,"RpuPresentFlag":null,"ElPresentFlag":null,"BlPresentFlag":null,"DvBlSignalCompatibilityId":null,"Rotation":null,"Comment":null,"TimeBase":"1/1000","CodecTimeBase":null,"Title":null,"Hdr10PlusPresentFlag":null,"VideoRange":1,"VideoRangeType":1,"VideoDoViTitle":null,"AudioSpatialFormat":0,"LocalizedUndefined":null,"LocalizedDefault":null,"LocalizedForced":null,"LocalizedExternal":null,"LocalizedHearingImpaired":null,"LocalizedLanguage":null,"LocalizedOriginal":null,"DisplayTitle":"1080p H264 SDR","NalLengthSize":"4","IsInterlaced":false,"IsAVC":true,"ChannelLayout":null,"BitRate":6598194,"BitDepth":8,"RefFrames":1,"PacketLength":null,"Channels":null,"SampleRate":null,"IsDefault":true,"IsForced":false,"IsHearingImpaired":false,"IsOriginal":false,"Height":800,"Width":1920,"AverageFrameRate":23.976025,"RealFrameRate":23.976025,"ReferenceFrameRate":23.976025,"Profile":"High","Type":1,"AspectRatio":"2.40:1","Index":0,"Score":null,"IsExternal":false,"DeliveryMethod":null,"DeliveryUrl":null,"IsExternalUrl":null,"IsTextSubtitleStream":false,"SupportsExternalStream":false,"Path":null,"PixelFormat":"yuv420p","Level":40,"IsAnamorphic":false},{"Codec":"eac3","CodecTag":null,"Language":"eng","ColorRange":null,"ColorSpace":null,"ColorTransfer":null,"ColorPrimaries":null,"DvVersionMajor":null,"DvVersionMinor":null,"DvProfile":null,"DvLevel":null,"RpuPresentFlag":null,"ElPresentFlag":null,"BlPresentFlag":null,"DvBlSignalCompatibilityId":null,"Rotation":null,"Comment":null,"TimeBase":"1/1000","CodecTimeBase":null,"Title":null,"Hdr10PlusPresentFlag":null,"VideoRange":0,"VideoRangeType":0,"VideoDoViTitle":null,"AudioSpatialFormat":0,"LocalizedUndefined":null,"LocalizedDefault":"Default","LocalizedForced":null,"LocalizedExternal":"External","LocalizedHearingImpaired":null,"LocalizedLanguage":"English","LocalizedOriginal":"Original","DisplayTitle":"English - Dolby Digital\u002B - 5.1 - Default","NalLengthSize":null,"IsInterlaced":false,"IsAVC":null,"ChannelLayout":"5.1","BitRate":640000,"BitDepth":null,"RefFrames":null,"PacketLength":null,"Channels":6,"SampleRate":48000,"IsDefault":true,"IsForced":false,"IsHearingImpaired":false,"IsOriginal":false,"Height":null,"Width":null,"AverageFrameRate":null,"RealFrameRate":null,"ReferenceFrameRate":null,"Profile":null,"Type":0,"AspectRatio":null,"Index":1,"Score":null,"IsExternal":false,"DeliveryMethod":null,"DeliveryUrl":null,"IsExternalUrl":null,"IsTextSubtitleStream":false,"SupportsExternalStream":false,"Path":null,"PixelFormat":null,"Level":null,"IsAnamorphic":null},{"Codec":"subrip","CodecTag":null,"Language":"eng","ColorRange":null,"ColorSpace":null,"ColorTransfer":null,"ColorPrimaries":null,"DvVersionMajor":null,"DvVersionMinor":null,"DvProfile":null,"DvLevel":null,"RpuPresentFlag":null,"ElPresentFlag":null,"BlPresentFlag":null,"DvBlSignalCompatibilityId":null,"Rotation":null,"Comment":null,"TimeBase":"1/1000","CodecTimeBase":null,"Title":null,"Hdr10PlusPresentFlag":null,"VideoRange":0,"VideoRangeType":0,"VideoDoViTitle":null,"AudioSpatialFormat":0,"LocalizedUndefined":"Undefined","LocalizedDefault":"Default","LocalizedForced":"Forced","LocalizedExternal":"External","LocalizedHearingImpaired":"Hearing Impaired","LocalizedLanguage":"English","LocalizedOriginal":null,"DisplayTitle":"English - SUBRIP","NalLengthSize":null,"IsInterlaced":false,"IsAVC":null,"ChannelLayout":null,"BitRate":null,"BitDepth":null,"RefFrames":null,"PacketLength":null,"Channels":null,"SampleRate":null,"IsDefault":false,"IsForced":false,"IsHearingImpaired":false,"IsOriginal":false,"Height":null,"Width":null,"AverageFrameRate":null,"RealFrameRate":null,"ReferenceFrameRate":null,"Profile":null,"Type":2,"AspectRatio":null,"Index":2,"Score":null,"IsExternal":false,"DeliveryMethod":null,"DeliveryUrl":null,"IsExternalUrl":null,"IsTextSubtitleStream":true,"SupportsExternalStream":true,"Path":null,"PixelFormat":null,"Level":null,"IsAnamorphic":null},{"Codec":"subrip","CodecTag":null,"Language":"eng","ColorRange":null,"ColorSpace":null,"ColorTransfer":null,"ColorPrimaries":null,"DvVersionMajor":null,"DvVersionMinor":null,"DvProfile":null,"DvLevel":null,"RpuPresentFlag":null,"ElPresentFlag":null,"BlPresentFlag":null,"DvBlSignalCompatibilityId":null,"Rotation":null,"Comment":null,"TimeBase":"1/1000","CodecTimeBase":null,"Title":"SDH","Hdr10PlusPresentFlag":null,"VideoRange":0,"VideoRangeType":0,"VideoDoViTitle":null,"AudioSpatialFormat":0,"LocalizedUndefined":"Undefined","LocalizedDefault":"Default","LocalizedForced":"Forced","LocalizedExternal":"External","LocalizedHearingImpaired":"Hearing Impaired","LocalizedLanguage":"English","LocalizedOriginal":null,"DisplayTitle":"SDH - English - Hearing Impaired - SUBRIP","NalLengthSize":null,"IsInterlaced":false,"IsAVC":null,"ChannelLayout":null,"BitRate":null,"BitDepth":null,"RefFrames":null,"PacketLength":null,"Channels":null,"SampleRate":null,"IsDefault":false,"IsForced":false,"IsHearingImpaired":true,"IsOriginal":true,"Height":null,"Width":null,"AverageFrameRate":null,"RealFrameRate":null,"ReferenceFrameRate":null,"Profile":null,"Type":2,"AspectRatio":null,"Index":3,"Score":null,"IsExternal":false,"DeliveryMethod":null,"DeliveryUrl":null,"IsExternalUrl":null,"IsTextSubtitleStream":true,"SupportsExternalStream":true,"Path":null,"PixelFormat":null,"Level":null,"IsAnamorphic":null}],"MediaAttachments":[],"Formats":[],"Bitrate":7240439,"FallbackMaxStreamingBitrate":null,"Timestamp":null,"RequiredHttpHeaders":{},"TranscodingUrl":null,"TranscodingSubProtocol":0,"TranscodingContainer":null,"AnalyzeDurationMs":null,"DefaultAudioStreamIndex":null,"DefaultSubtitleStreamIndex":null,"HasSegments":false}

/usr/lib/jellyfin-ffmpeg/ffmpeg -analyzeduration 200M -probesize 1G -fflags +genpts  -i file:"/data/movies/movie/www.UIndex.org    -    The Odyssey 2026 1080p AMZN WEB-DL DDP5 1 H 264-Kitsune/The Odyssey 2026 1080p AMZN WEB-DL DDP5 1 H 264-Kitsune.mkv" -map_metadata -1 -map_chapters -1 -threads 0 -map 0:0 -map 0:1 -map -0:s -codec:v:0 copy -bsf:v h264_mp4toannexb -start_at_zero -codec:a:0 libfdk_aac -ac 2 -ab 256000 -af "volume=2" -copyts -avoid_negative_ts disabled -max_muxing_queue_size 2048 -f hls -max_delay 5000000 -hls_time 6 -hls_segment_type fmp4 -hls_fmp4_init_filename "9bfd5e741183fcd121689ef9ac7563ea-1.mp4" -start_number 0 -hls_segment_filename "/config/cache/transcodes/9bfd5e741183fcd121689ef9ac7563ea%d.mp4" -hls_playlist_type vod -hls_list_size 0 -hls_segment_options movflags=+frag_discont+skip_sidx -y "/config/cache/transcodes/9bfd5e741183fcd121689ef9ac7563ea.m3u8"


ffmpeg version 8.1.2-Jellyfin Copyright (c) 2000-2026 the FFmpeg developers
  built with gcc 15 (Ubuntu 15.2.0-16ubuntu1)
  configuration: --prefix=/usr/lib/jellyfin-ffmpeg --target-os=linux --extra-version=Jellyfin --disable-unstable --disable-doc --disable-ffplay --disable-static --disable-libxcb --disable-libxcb-shm --disable-libxcb-xfixes --disable-libxcb-shape --disable-xlib --disable-sdl2 --enable-lto=auto --enable-gpl --enable-version3 --enable-shared --enable-gmp --enable-gnutls --enable-chromaprint --enable-opencl --enable-libdrm --enable-libxml2 --enable-libass --enable-libfreetype --enable-libfribidi --enable-libfontconfig --enable-libharfbuzz --enable-libbluray --enable-libmp3lame --enable-libopus --enable-libtheora --enable-libvorbis --enable-libopenmpt --enable-libdav1d --enable-libsvtav1 --enable-libwebp --enable-libvpx --enable-libx264 --enable-libx265 --enable-libzvbi --enable-libzimg --enable-libfdk-aac --enable-libshaderc --enable-libplacebo --enable-vulkan --enable-vulkan-static --enable-vaapi --enable-ffnvcodec --enable-cuda --enable-cuda-llvm --enable-cuvid --enable-nvdec --enable-nvenc --arch=arm64 --cross-prefix=/usr/bin/aarch64-linux-gnu- --enable-cross-compile --enable-rkmpp --enable-rkrga
  libavutil      60. 26.102 / 60. 26.102
  libavcodec     62. 28.102 / 62. 28.102
  libavformat    62. 12.102 / 62. 12.102
  libavdevice    62.  3.102 / 62.  3.102
  libavfilter    11. 14.102 / 11. 14.102
  libswscale      9.  5.102 /  9.  5.102
  libswresample   6.  3.102 /  6.  3.102
Input #0, matroska,webm, from 'file:/data/movies/movie/www.UIndex.org    -    The Odyssey 2026 1080p AMZN WEB-DL DDP5 1 H 264-Kitsune/The Odyssey 2026 1080p AMZN WEB-DL DDP5 1 H 264-Kitsune.mkv':
  Metadata:
    encoder         : libebml v1.4.5 + libmatroska v1.7.1
  Duration: 01:26:03.46, start: 0.000000, bitrate: 7240 kb/s
  Stream #0:0: Video: h264 (High), yuv420p(tv, bt709, progressive), 1920x800 [SAR 1:1 DAR 12:5], 23.98 fps, 23.98 tbr, 1k tbn (default)
    Metadata:
      BPS             : 6598194
      DURATION        : 01:26:03.450000000
      NUMBER_OF_FRAMES: 123799
      NUMBER_OF_BYTES : 4258680841
      _STATISTICS_WRITING_APP: mkvmerge v100.0 ('Do Hot Girls Like Chords') 64-bit
      _STATISTICS_TAGS: BPS DURATION NUMBER_OF_FRAMES NUMBER_OF_BYTES
  Stream #0:1(eng): Audio: eac3, 48000 Hz, 5.1(side), fltp, 640 kb/s (default)
    Metadata:
      BPS             : 640000
      DURATION        : 01:26:03.456000000
      NUMBER_OF_FRAMES: 161358
      NUMBER_OF_BYTES : 413076480
      _STATISTICS_WRITING_APP: mkvmerge v100.0 ('Do Hot Girls Like Chords') 64-bit
      _STATISTICS_TAGS: BPS DURATION NUMBER_OF_FRAMES NUMBER_OF_BYTES
  Stream #0:2(eng): Subtitle: subrip (srt)
    Metadata:
      BPS             : 65
      DURATION        : 01:22:16.105000000
      NUMBER_OF_FRAMES: 1405
      NUMBER_OF_BYTES : 40282
      _STATISTICS_WRITING_APP: mkvmerge v100.0 ('Do Hot Girls Like Chords') 64-bit
      _STATISTICS_TAGS: BPS DURATION NUMBER_OF_FRAMES NUMBER_OF_BYTES
  Stream #0:3(eng): Subtitle: subrip (srt) (original) (hearing impaired)
    Metadata:
      title           : SDH
      BPS             : 65
      DURATION        : 01:22:16.105000000
      NUMBER_OF_FRAMES: 1430
      NUMBER_OF_BYTES : 40598
      _STATISTICS_WRITING_APP: mkvmerge v100.0 ('Do Hot Girls Like Chords') 64-bit
      _STATISTICS_TAGS: BPS DURATION NUMBER_OF_FRAMES NUMBER_OF_BYTES
Stream mapping:
  Stream #0:0 -> #0:0 (copy)
  Stream #0:1 -> #0:1 (eac3 (native) -> aac (libfdk_aac))
Press [q] to stop, [?] for help
[hls @ 0xaaaae2824fb0] Opening '/config/cache/transcodes/9bfd5e741183fcd121689ef9ac7563ea-1.mp4' for writing
Output #0, hls, to '/config/cache/transcodes/9bfd5e741183fcd121689ef9ac7563ea.m3u8':
  Metadata:
    encoder         : Lavf62.12.102
  Stream #0:0: Video: h264 (High), yuv420p(tv, bt709, progressive), 1920x800 [SAR 1:1 DAR 12:5], q=2-31, 23.98 fps, 23.98 tbr, 16k tbn (default)
  Stream #0:1: Audio: aac, 48000 Hz, stereo, s16, 256 kb/s (default)
    Metadata:
      encoder         : Lavc62.28.102 libfdk_aac
    Side data:
      CPB properties: bitrate max/min/avg: 256000/256000/256000 buffer size: 0 vbv_delay: N/A
[hls @ 0xaaaae2824fb0] Opening '/config/cache/transcodes/9bfd5e741183fcd121689ef9ac7563ea0.mp4' for writing
[hls @ 0xaaaae2824fb0] Opening '/config/cache/transcodes/9bfd5e741183fcd121689ef9ac7563ea1.mp4' for writing
[hls @ 0xaaaae2824fb0] Opening '/config/cache/transcodes/9bfd5e741183fcd121689ef9ac7563ea2.mp4' for writing
[hls @ 0xaaaae2824fb0] Opening '/config/cache/transcodes/9bfd5e741183fcd121689ef9ac7563ea3.mp4' for writing
frame=  691 fps=0.0 q=-1.0 size=N/A time=00:00:00.00 bitrate=N/A speed=   0x elapsed=0:00:00.50    
[hls @ 0xaaaae2824fb0] Opening '/config/cache/transcodes/9bfd5e741183fcd121689ef9ac7563ea4.mp4' for writing
[hls @ 0xaaaae2824fb0] Opening '/config/cache/transcodes/9bfd5e741183fcd121689ef9ac7563ea5.mp4' for writing
[hls @ 0xaaaae2824fb0] Opening '/config/cache/transcodes/9bfd5e741183fcd121689ef9ac7563ea6.mp4' for writing
[hls @ 0xaaaae2824fb0] Opening '/config/cache/transcodes/9bfd5e741183fcd121689ef9ac7563ea7.mp4' for writing
frame= 1272 fps=1271 q=-1.0 size=N/A time=00:00:24.21 bitrate=N/A speed=24.2x elapsed=0:00:01.00    
[hls @ 0xaaaae2824fb0] Opening '/config/cache/transcodes/9bfd5e741183fcd121689ef9ac7563ea8.mp4' for writing
[hls @ 0xaaaae2824fb0] Opening '/config/cache/transcodes/9bfd5e741183fcd121689ef9ac7563ea9.mp4' for writing
[hls @ 0xaaaae2824fb0] Opening '/config/cache/transcodes/9bfd5e741183fcd121689ef9ac7563ea10.mp4' for writing
[hls @ 0xaaaae2824fb0] Opening '/config/cache/transcodes/9bfd5e741183fcd121689ef9ac7563ea11.mp4' for writing
frame= 1840 fps=1226 q=-1.0 size=N/A time=00:00:48.00 bitrate=N/A speed=  32x elapsed=0:00:01.50    
[hls @ 0xaaaae2824fb0] Opening '/config/cache/transcodes/9bfd5e741183fcd121689ef9ac7563ea12.mp4' for writing
[hls @ 0xaaaae2824fb0] Opening '/config/cache/transcodes/9bfd5e741183fcd121689ef9ac7563ea13.mp4' for writing
[hls @ 0xaaaae2824fb0] Opening '/config/cache/transcodes/9bfd5e741183fcd121689ef9ac7563ea14.mp4' for writing
[hls @ 0xaaaae2824fb0] Opening '/config/cache/transcodes/9bfd5e741183fcd121689ef9ac7563ea15.mp4' for writing
frame= 2449 fps=1224 q=-1.0 size=N/A time=00:01:13.45 bitrate=N/A speed=36.7x elapsed=0:00:02.00    
[hls @ 0xaaaae2824fb0] Opening '/config/cache/transcodes/9bfd5e741183fcd121689ef9ac7563ea16.mp4' for writing
[hls @ 0xaaaae2824fb0] Opening '/config/cache/transcodes/9bfd5e741183fcd121689ef9ac7563ea17.mp4' for writing
[hls @ 0xaaaae2824fb0] Opening '/config/cache/transcodes/9bfd5e741183fcd121689ef9ac7563ea18.mp4' for writing
[hls @ 0xaaaae2824fb0] Opening '/config/cache/transcodes/9bfd5e741183fcd121689ef9ac7563ea19.mp4' for writing
[hls @ 0xaaaae2824fb0] Opening '/config/cache/transcodes/9bfd5e741183fcd121689ef9ac7563ea20.mp4' for writing
frame= 3029 fps=1211 q=-1.0 size=N/A time=00:01:37.66 bitrate=N/A speed=  39x elapsed=0:00:02.50    
[hls @ 0xaaaae2824fb0] Opening '/config/cache/transcodes/9bfd5e741183fcd121689ef9ac7563ea21.mp4' for writing
[hls @ 0xaaaae2824fb0] Opening '/config/cache/transcodes/9bfd5e741183fcd121689ef9ac7563ea22.mp4' for writing
[hls @ 0xaaaae2824fb0] Opening '/config/cache/transcodes/9bfd5e741183fcd121689ef9ac7563ea23.mp4' for writing
[hls @ 0xaaaae2824fb0] Opening '/config/cache/transcodes/9bfd5e741183fcd121689ef9ac7563ea24.mp4' for writing
frame= 3667 fps=1222 q=-1.0 size=N/A time=00:02:04.07 bitrate=N/A speed=41.3x elapsed=0:00:03.00    
[hls @ 0xaaaae2824fb0] Opening '/config/cache/transcodes/9bfd5e741183fcd121689ef9ac7563ea25.mp4' for writing
[hls @ 0xaaaae2824fb0] Opening '/config/cache/transcodes/9bfd5e741183fcd121689ef9ac7563ea26.mp4' for writing
[hls @ 0xaaaae2824fb0] Opening '/config/cache/transcodes/9bfd5e741183fcd121689ef9ac7563ea27.mp4' for writing
[hls @ 0xaaaae2824fb0] Opening '/config/cache/transcodes/9bfd5e741183fcd121689ef9ac7563ea28.mp4' for writing
frame= 4211 fps=1202 q=-1.0 size=N/A time=00:02:26.81 bitrate=N/A speed=41.9x elapsed=0:00:03.50    
[hls @ 0xaaaae2824fb0] Opening '/config/cache/transcodes/9bfd5e741183fcd121689ef9ac7563ea29.mp4' for writing
[hls @ 0xaaaae2824fb0] Opening '/config/cache/transcodes/9bfd5e741183fcd121689ef9ac7563ea30.mp4' for writing
[hls @ 0xaaaae2824fb0] Opening '/config/cache/transcodes/9bfd5e741183fcd121689ef9ac7563ea31.mp4' for writing
frame= 4747 fps=1186 q=-1.0 size=N/A time=00:02:49.17 bitrate=N/A speed=42.3x elapsed=0:00:04.00    
[hls @ 0xaaaae2824fb0] Opening '/config/cache/transcodes/9bfd5e741183fcd121689ef9ac7563ea32.mp4' for writing
[hls @ 0xaaaae2824fb0] Opening '/config/cache/transcodes/9bfd5e741183fcd121689ef9ac7563ea33.mp4' for writing
[hls @ 0xaaaae2824fb0] Opening '/config/cache/transcodes/9bfd5e741183fcd121689ef9ac7563ea34.mp4' for writing
[hls @ 0xaaaae2824fb0] Opening '/config/cache/transcodes/9bfd5e741183fcd121689ef9ac7563ea35.mp4' for writing
frame= 5310 fps=1179 q=-1.0 size=N/A time=00:03:12.74 bitrate=N/A speed=42.8x elapsed=0:00:04.50    
[hls @ 0xaaaae2824fb0] Opening '/config/cache/transcodes/9bfd5e741183fcd121689ef9ac7563ea36.mp4' for writing
[hls @ 0xaaaae2824fb0] Opening '/config/cache/transcodes/9bfd5e741183fcd121689ef9ac7563ea37.mp4' for writing
[hls @ 0xaaaae2824fb0] Opening '/config/cache/transcodes/9bfd5e741183fcd121689ef9ac7563ea38.mp4' for writing
frame= 5752 fps=1150 q=-1.0 size=N/A time=00:03:31.13 bitrate=N/A speed=42.2x elapsed=0:00:05.00    
[hls @ 0xaaaae2824fb0] Opening '/config/cache/transcodes/9bfd5e741183fcd121689ef9ac7563ea39.mp4' for writing
[hls @ 0xaaaae2824fb0] Opening '/config/cache/transcodes/9bfd5e741183fcd121689ef9ac7563ea40.mp4' for writing
[hls @ 0xaaaae2824fb0] Opening '/config/cache/transcodes/9bfd5e741183fcd121689ef9ac7563ea41.mp4' for writing
frame= 6073 fps=1103 q=-1.0 size=N/A time=00:03:44.38 bitrate=N/A speed=40.8x elapsed=0:00:05.50    
[hls @ 0xaaaae2824fb0] Opening '/config/cache/transcodes/9bfd5e741183fcd121689ef9ac7563ea42.mp4' for writing
[hls @ 0xaaaae2824fb0] Opening '/config/cache/transcodes/9bfd5e741183fcd121689ef9ac7563ea43.mp4' for writing
[hls @ 0xaaaae2824fb0] Opening '/config/cache/transcodes/9bfd5e741183fcd121689ef9ac7563ea44.mp4' for writing
[hls @ 0xaaaae2824fb0] Opening '/config/cache/transcodes/9bfd5e741183fcd121689ef9ac7563ea45.mp4' for writing
frame= 6637 fps=1105 q=-1.0 size=N/A time=00:04:08.17 bitrate=N/A speed=41.3x elapsed=0:00:06.00    
[hls @ 0xaaaae2824fb0] Opening '/config/cache/transcodes/9bfd5e741183fcd121689ef9ac7563ea46.mp4' for writing
[hls @ 0xaaaae2824fb0] Opening '/config/cache/transcodes/9bfd5e741183fcd121689ef9ac7563ea47.mp4' for writing
[hls @ 0xaaaae2824fb0] Opening '/config/cache/transcodes/9bfd5e741183fcd121689ef9ac7563ea48.mp4' for writing
[hls @ 0xaaaae2824fb0] Opening '/config/cache/transcodes/9bfd5e741183fcd121689ef9ac7563ea49.mp4' for writing
frame= 7224 fps=1111 q=-1.0 size=N/A time=00:04:32.66 bitrate=N/A speed=41.9x elapsed=0:00:06.50    
[hls @ 0xaaaae2824fb0] Opening '/config/cache/transcodes/9bfd5e741183fcd121689ef9ac7563ea50.mp4' for writing
[hls @ 0xaaaae2824fb0] Opening '/config/cache/transcodes/9bfd5e741183fcd121689ef9ac7563ea51.mp4' for writing
[hls @ 0xaaaae2824fb0] Opening '/config/cache/transcodes/9bfd5e741183fcd121689ef9ac7563ea52.mp4' for writing
frame= 7697 fps=1099 q=-1.0 size=N/A time=00:04:52.43 bitrate=N/A speed=41.7x elapsed=0:00:07.00    
[hls @ 0xaaaae2824fb0] Opening '/config/cache/transcodes/9bfd5e741183fcd121689ef9ac7563ea53.mp4' for writing
[hls @ 0xaaaae2824fb0] Opening '/config/cache/transcodes/9bfd5e741183fcd121689ef9ac7563ea54.mp4' for writing
[hls @ 0xaaaae2824fb0] Opening '/config/cache/transcodes/9bfd5e741183fcd121689ef9ac7563ea55.mp4' for writing
[hls @ 0xaaaae2824fb0] Opening '/config/cache/transcodes/9bfd5e741183fcd121689ef9ac7563ea56.mp4' for writing
frame= 8228 fps=1096 q=-1.0 size=N/A time=00:05:14.53 bitrate=N/A speed=41.9x elapsed=0:00:07.50    
[hls @ 0xaaaae2824fb0] Opening '/config/cache/transcodes/9bfd5e741183fcd121689ef9ac7563ea57.mp4' for writing
[hls @ 0xaaaae2824fb0] Opening '/config/cache/transcodes/9bfd5e741183fcd121689ef9ac7563ea58.mp4' for writing
[hls @ 0xaaaae2824fb0] Opening '/config/cache/transcodes/9bfd5e741183fcd121689ef9ac7563ea59.mp4' for writing
frame= 8753 fps=1093 q=-1.0 size=N/A time=00:05:36.51 bitrate=N/A speed=  42x elapsed=0:00:08.00    
[hls @ 0xaaaae2824fb0] Opening '/config/cache/transcodes/9bfd5e741183fcd121689ef9ac7563ea60.mp4' for writing
[hls @ 0xaaaae2824fb0] Opening '/config/cache/transcodes/9bfd5e741183fcd121689ef9ac7563ea61.mp4' for writing
[hls @ 0xaaaae2824fb0] Opening '/config/cache/transcodes/9bfd5e741183fcd121689ef9ac7563ea62.mp4' for writing
[hls @ 0xaaaae2824fb0] Opening '/config/cache/transcodes/9bfd5e741183fcd121689ef9ac7563ea63.mp4' for writing
[hls @ 0xaaaae2824fb0] Opening '/config/cache/transcodes/9bfd5e741183fcd121689ef9ac7563ea64.mp4' for writing
frame= 9382 fps=1103 q=-1.0 size=N/A time=00:06:02.60 bitrate=N/A speed=42.6x elapsed=0:00:08.50    
[hls @ 0xaaaae2824fb0] Opening '/config/cache/transcodes/9bfd5e741183fcd121689ef9ac7563ea65.mp4' for writing
[hls @ 0xaaaae2824fb0] Opening '/config/cache/transcodes/9bfd5e741183fcd121689ef9ac7563ea66.mp4' for writing
[hls @ 0xaaaae2824fb0] Opening '/config/cache/transcodes/9bfd5e741183fcd121689ef9ac7563ea67.mp4' for writing
frame= 9864 fps=1095 q=-1.0 size=N/A time=00:06:22.78 bitrate=N/A speed=42.5x elapsed=0:00:09.00    
[hls @ 0xaaaae2824fb0] Opening '/config/cache/transcodes/9bfd5e741183fcd121689ef9ac7563ea68.mp4' for writing
[hls @ 0xaaaae2824fb0] Opening '/config/cache/transcodes/9bfd5e741183fcd121689ef9ac7563ea69.mp4' for writing
[hls @ 0xaaaae2824fb0] Opening '/config/cache/transcodes/9bfd5e741183fcd121689ef9ac7563ea70.mp4' for writing
[hls @ 0xaaaae2824fb0] Opening '/config/cache/transcodes/9bfd5e741183fcd121689ef9ac7563ea71.mp4' for writing
frame=10373 fps=1091 q=-1.0 size=N/A time=00:06:44.07 bitrate=N/A speed=42.5x elapsed=0:00:09.50    
[hls @ 0xaaaae2824fb0] Opening '/config/cache/transcodes/9bfd5e741183fcd121689ef9ac7563ea72.mp4' for writing
[hls @ 0xaaaae2824fb0] Opening '/config/cache/transcodes/9bfd5e741183fcd121689ef9ac7563ea73.mp4' for writing
[hls @ 0xaaaae2824fb0] Opening '/config/cache/transcodes/9bfd5e741183fcd121689ef9ac7563ea74.mp4' for writing
frame=10949 fps=1094 q=-1.0 size=N/A time=00:07:07.90 bitrate=N/A speed=42.8x elapsed=0:00:10.00    
[hls @ 0xaaaae2824fb0] Opening '/config/cache/transcodes/9bfd5e741183fcd121689ef9ac7563ea75.mp4' for writing
[hls @ 0xaaaae2824fb0] Opening '/config/cache/transcodes/9bfd5e741183fcd121689ef9ac7563ea76.mp4' for writing
[hls @ 0xaaaae2824fb0] Opening '/config/cache/transcodes/9bfd5e741183fcd121689ef9ac7563ea77.mp4' for writing
[hls @ 0xaaaae2824fb0] Opening '/config/cache/transcodes/9bfd5e741183fcd121689ef9ac7563ea78.mp4' for writing
frame=11383 fps=1083 q=-1.0 size=N/A time=00:07:26.10 bitrate=N/A speed=42.5x elapsed=0:00:10.50    
[hls @ 0xaaaae2824fb0] Opening '/config/cache/transcodes/9bfd5e741183fcd121689ef9ac7563ea79.mp4' for writing
[hls @ 0xaaaae2824fb0] Opening '/config/cache/transcodes/9bfd5e741183fcd121689ef9ac7563ea80.mp4' for writing
frame=11708 fps=1063 q=-1.0 size=N/A time=00:07:39.52 bitrate=N/A speed=41.7x elapsed=0:00:11.00    
[hls @ 0xaaaae2824fb0] Opening '/config/cache/transcodes/9bfd5e741183fcd121689ef9ac7563ea81.mp4' for writing
[hls @ 0xaaaae2824fb0] Opening '/config/cache/transcodes/9bfd5e741183fcd121689ef9ac7563ea82.mp4' for writing
[hls @ 0xaaaae2824fb0] Opening '/config/cache/transcodes/9bfd5e741183fcd121689ef9ac7563ea83.mp4' for writing
[hls @ 0xaaaae2824fb0] Opening '/config/cache/transcodes/9bfd5e741183fcd121689ef9ac7563ea84.mp4' for writing
frame=12264 fps=1066 q=-1.0 size=N/A time=00:08:02.88 bitrate=N/A speed=  42x elapsed=0:00:11.50    
[hls @ 0xaaaae2824fb0] Opening '/config/cache/transcodes/9bfd5e741183fcd121689ef9ac7563ea85.mp4' for writing
[hls @ 0xaaaae2824fb0] Opening '/config/cache/transcodes/9bfd5e741183fcd121689ef9ac7563ea86.mp4' for writing
[hls @ 0xaaaae2824fb0] Opening '/config/cache/transcodes/9bfd5e741183fcd121689ef9ac7563ea87.mp4' for writing
frame=12733 fps=1060 q=-1.0 size=N/A time=00:08:22.20 bitrate=N/A speed=41.8x elapsed=0:00:12.01    
[hls @ 0xaaaae2824fb0] Opening '/config/cache/transcodes/9bfd5e741183fcd121689ef9ac7563ea88.mp4' for writing
[hls @ 0xaaaae2824fb0] Opening '/config/cache/transcodes/9bfd5e741183fcd121689ef9ac7563ea89.mp4' for writing
[hls @ 0xaaaae2824fb0] Opening '/config/cache/transcodes/9bfd5e741183fcd121689ef9ac7563ea90.mp4' for writing
[hls @ 0xaaaae2824fb0] Opening '/config/cache/transcodes/9bfd5e741183fcd121689ef9ac7563ea91.mp4' for writing
frame=13265 fps=1060 q=-1.0 size=N/A time=00:08:44.52 bitrate=N/A speed=41.9x elapsed=0:00:12.51    
[hls @ 0xaaaae2824fb0] Opening '/config/cache/transcodes/9bfd5e741183fcd121689ef9ac7563ea92.mp4' for writing
[hls @ 0xaaaae2824fb0] Opening '/config/cache/transcodes/9bfd5e741183fcd121689ef9ac7563ea93.mp4' for writing
[hls @ 0xaaaae2824fb0] Opening '/config/cache/transcodes/9bfd5e741183fcd121689ef9ac7563ea94.mp4' for writing
frame=13685 fps=1051 q=-1.0 size=N/A time=00:09:02.25 bitrate=N/A speed=41.6x elapsed=0:00:13.02    
[hls @ 0xaaaae2824fb0] Opening '/config/cache/transcodes/9bfd5e741183fcd121689ef9ac7563ea95.mp4' for writing
[hls @ 0xaaaae2824fb0] Opening '/config/cache/transcodes/9bfd5e741183fcd121689ef9ac7563ea96.mp4' for writing
[hls @ 0xaaaae2824fb0] Opening '/config/cache/transcodes/9bfd5e741183fcd121689ef9ac7563ea97.mp4' for writing
frame=14177 fps=1048 q=-1.0 size=N/A time=00:09:22.58 bitrate=N/A speed=41.6x elapsed=0:00:13.52    
[hls @ 0xaaaae2824fb0] Opening '/config/cache/transcodes/9bfd5e741183fcd121689ef9ac7563ea98.mp4' for writing
[hls @ 0xaaaae2824fb0] Opening '/config/cache/transcodes/9bfd5e741183fcd121689ef9ac7563ea99.mp4' for writing
[hls @ 0xaaaae2824fb0] Opening '/config/cache/transcodes/9bfd5e741183fcd121689ef9ac7563ea100.mp4' for writing
[hls @ 0xaaaae2824fb0] Opening '/config/cache/transcodes/9bfd5e741183fcd121689ef9ac7563ea101.mp4' for writing
frame=14788 fps=1054 q=-1.0 size=N/A time=00:09:48.07 bitrate=N/A speed=41.9x elapsed=0:00:14.02    
[hls @ 0xaaaae2824fb0] Opening '/config/cache/transcodes/9bfd5e741183fcd121689ef9ac7563ea102.mp4' for writing
[hls @ 0xaaaae2824fb0] Opening '/config/cache/transcodes/9bfd5e741183fcd121689ef9ac7563ea103.mp4' for writing
[hls @ 0xaaaae2824fb0] Opening '/config/cache/transcodes/9bfd5e741183fcd121689ef9ac7563ea104.mp4' for writing
[hls @ 0xaaaae2824fb0] Opening '/config/cache/transcodes/9bfd5e741183fcd121689ef9ac7563ea105.mp4' for writing
frame=15337 fps=1056 q=-1.0 size=N/A time=00:10:10.98 bitrate=N/A speed=42.1x elapsed=0:00:14.52    
[hls @ 0xaaaae2824fb0] Opening '/config/cache/transcodes/9bfd5e741183fcd121689ef9ac7563ea106.mp4' for writing
[hls @ 0xaaaae2824fb0] Opening '/config/cache/transcodes/9bfd5e741183fcd121689ef9ac7563ea107.mp4' for writing
[hls @ 0xaaaae2824fb0] Opening '/config/cache/transcodes/9bfd5e741183fcd121689ef9ac7563ea108.mp4' for writing
[hls @ 0xaaaae2824fb0] Opening '/config/cache/transcodes/9bfd5e741183fcd121689ef9ac7563ea109.mp4' for writing
frame=15941 fps=1061 q=-1.0 size=N/A time=00:10:36.05 bitrate=N/A speed=42.3x elapsed=0:00:15.02    
[hls @ 0xaaaae2824fb0] Opening '/config/cache/transcodes/9bfd5e741183fcd121689ef9ac7563ea110.mp4' for writing
[hls @ 0xaaaae2824fb0] Opening '/config/cache/transcodes/9bfd5e741183fcd121689ef9ac7563ea111.mp4' for writing
[hls @ 0xaaaae2824fb0] Opening '/config/cache/transcodes/9bfd5e741183fcd121689ef9ac7563ea112.mp4' for writing
frame=16421 fps=1057 q=-1.0 size=N/A time=00:10:56.06 bitrate=N/A speed=42.2x elapsed=0:00:15.53    
[hls @ 0xaaaae2824fb0] Opening '/config/cache/transcodes/9bfd5e741183fcd121689ef9ac7563ea113.mp4' for writing
[hls @ 0xaaaae2824fb0] Opening '/config/cache/transcodes/9bfd5e741183fcd121689ef9ac7563ea114.mp4' for writing
[hls @ 0xaaaae2824fb0] Opening '/config/cache/transcodes/9bfd5e741183fcd121689ef9ac7563ea115.mp4' for writing
[hls @ 0xaaaae2824fb0] Opening '/config/cache/transcodes/9bfd5e741183fcd121689ef9ac7563ea116.mp4' for writing
frame=16945 fps=1057 q=-1.0 size=N/A time=00:11:18.05 bitrate=N/A speed=42.3x elapsed=0:00:16.03    
[hls @ 0xaaaae2824fb0] Opening '/config/cache/transcodes/9bfd5e741183fcd121689ef9ac7563ea117.mp4' for writing
[hls @ 0xaaaae2824fb0] Opening '/config/cache/transcodes/9bfd5e741183fcd121689ef9ac7563ea118.mp4' for writing
[hls @ 0xaaaae2824fb0] Opening '/config/cache/transcodes/9bfd5e741183fcd121689ef9ac7563ea119.mp4' for writing
[hls @ 0xaaaae2824fb0] Opening '/config/cache/transcodes/9bfd5e741183fcd121689ef9ac7563ea120.mp4' for writing
frame=17485 fps=1058 q=-1.0 size=N/A time=00:11:40.37 bitrate=N/A speed=42.4x elapsed=0:00:16.53    
[hls @ 0xaaaae2824fb0] Opening '/config/cache/transcodes/9bfd5e741183fcd121689ef9ac7563ea121.mp4' for writing
[hls @ 0xaaaae2824fb0] Opening '/config/cache/transcodes/9bfd5e741183fcd121689ef9ac7563ea122.mp4' for writing
[hls @ 0xaaaae2824fb0] Opening '/config/cache/transcodes/9bfd5e741183fcd121689ef9ac7563ea123.mp4' for writing
frame=17929 fps=1053 q=-1.0 size=N/A time=00:11:59.01 bitrate=N/A speed=42.2x elapsed=0:00:17.03    
[hls @ 0xaaaae2824fb0] Opening '/config/cache/transcodes/9bfd5e741183fcd121689ef9ac7563ea124.mp4' for writing
[hls @ 0xaaaae2824fb0] Opening '/config/cache/transcodes/9bfd5e741183fcd121689ef9ac7563ea125.mp4' for writing
[hls @ 0xaaaae2824fb0] Opening '/config/cache/transcodes/9bfd5e741183fcd121689ef9ac7563ea126.mp4' for writing
[hls @ 0xaaaae2824fb0] Opening '/config/cache/transcodes/9bfd5e741183fcd121689ef9ac7563ea127.mp4' for writing
frame=18497 fps=1055 q=-1.0 size=N/A time=00:12:22.82 bitrate=N/A speed=42.4x elapsed=0:00:17.53    
[hls @ 0xaaaae2824fb0] Opening '/config/cache/transcodes/9bfd5e741183fcd121689ef9ac7563ea128.mp4' for writing
[hls @ 0xaaaae2824fb0] Opening '/config/cache/transcodes/9bfd5e741183fcd121689ef9ac7563ea129.mp4' for writing
[hls @ 0xaaaae2824fb0] Opening '/config/cache/transcodes/9bfd5e741183fcd121689ef9ac7563ea130.mp4' for writing
[hls @ 0xaaaae2824fb0] Opening '/config/cache/transcodes/9bfd5e741183fcd121689ef9ac7563ea131.mp4' for writing
frame=19093 fps=1059 q=-1.0 size=N/A time=00:12:47.78 bitrate=N/A speed=42.6x elapsed=0:00:18.03    
[hls @ 0xaaaae2824fb0] Opening '/config/cache/transcodes/9bfd5e741183fcd121689ef9ac7563ea132.mp4' for writing
[hls @ 0xaaaae2824fb0] Opening '/config/cache/transcodes/9bfd5e741183fcd121689ef9ac7563ea133.mp4' for writing
[hls @ 0xaaaae2824fb0] Opening '/config/cache/transcodes/9bfd5e741183fcd121689ef9ac7563ea134.mp4' for writing
[hls @ 0xaaaae2824fb0] Opening '/config/cache/transcodes/9bfd5e741183fcd121689ef9ac7563ea135.mp4' for writing
frame=19605 fps=1058 q=-1.0 size=N/A time=00:13:09.05 bitrate=N/A speed=42.6x elapsed=0:00:18.53    
[hls @ 0xaaaae2824fb0] Opening '/config/cache/transcodes/9bfd5e741183fcd121689ef9ac7563ea136.mp4' for writing
[hls @ 0xaaaae2824fb0] Opening '/config/cache/transcodes/9bfd5e741183fcd121689ef9ac7563ea137.mp4' for writing
[hls @ 0xaaaae2824fb0] Opening '/config/cache/transcodes/9bfd5e741183fcd121689ef9ac7563ea138.mp4' for writing
frame=20129 fps=1057 q=-1.0 size=N/A time=00:13:30.96 bitrate=N/A speed=42.6x elapsed=0:00:19.03    
[hls @ 0xaaaae2824fb0] Opening '/config/cache/transcodes/9bfd5e741183fcd121689ef9ac7563ea139.mp4' for writing
[hls @ 0xaaaae2824fb0] Opening '/config/cache/transcodes/9bfd5e741183fcd121689ef9ac7563ea140.mp4' for writing
[hls @ 0xaaaae2824fb0] Opening '/config/cache/transcodes/9bfd5e741183fcd121689ef9ac7563ea141.mp4' for writing
[hls @ 0xaaaae2824fb0] Opening '/config/cache/transcodes/9bfd5e741183fcd121689ef9ac7563ea142.mp4' for writing
frame=20672 fps=1058 q=-1.0 size=N/A time=00:13:53.47 bitrate=N/A speed=42.7x elapsed=0:00:19.53    
[hls @ 0xaaaae2824fb0] Opening '/config/cache/transcodes/9bfd5e741183fcd121689ef9ac7563ea143.mp4' for writing
[hls @ 0xaaaae2824fb0] Opening '/config/cache/transcodes/9bfd5e741183fcd121689ef9ac7563ea144.mp4' for writing
[hls @ 0xaaaae2824fb0] Opening '/config/cache/transcodes/9bfd5e741183fcd121689ef9ac7563ea145.mp4' for writing
[hls @ 0xaaaae2824fb0] Opening '/config/cache/transcodes/9bfd5e741183fcd121689ef9ac7563ea146.mp4' for writing
frame=21181 fps=1057 q=-1.0 size=N/A time=00:14:14.69 bitrate=N/A speed=42.7x elapsed=0:00:20.03    
[hls @ 0xaaaae2824fb0] Opening '/config/cache/transcodes/9bfd5e741183fcd121689ef9ac7563ea147.mp4' for writing
[hls @ 0xaaaae2824fb0] Opening '/config/cache/transcodes/9bfd5e741183fcd121689ef9ac7563ea148.mp4' for writing
[hls @ 0xaaaae2824fb0] Opening '/config/cache/transcodes/9bfd5e741183fcd121689ef9ac7563ea149.mp4' for writing
[hls @ 0xaaaae2824fb0] Opening '/config/cache/transcodes/9bfd5e741183fcd121689ef9ac7563ea150.mp4' for writing
frame=21776 fps=1060 q=-1.0 size=N/A time=00:14:39.42 bitrate=N/A speed=42.8x elapsed=0:00:20.53    
[hls @ 0xaaaae2824fb0] Opening '/config/cache/transcodes/9bfd5e741183fcd121689ef9ac7563ea151.mp4' for writing
[hls @ 0xaaaae2824fb0] Opening '/config/cache/transcodes/9bfd5e741183fcd121689ef9ac7563ea152.mp4' for writing
frame=22169 fps=1054 q=-1.0 size=N/A time=00:14:55.95 bitrate=N/A speed=42.6x elapsed=0:00:21.03    
[hls @ 0xaaaae2824fb0] Opening '/config/cache/transcodes/9bfd5e741183fcd121689ef9ac7563ea153.mp4' for writing
[hls @ 0xaaaae2824fb0] Opening '/config/cache/transcodes/9bfd5e741183fcd121689ef9ac7563ea154.mp4' for writing
[hls @ 0xaaaae2824fb0] Opening '/config/cache/transcodes/9bfd5e741183fcd121689ef9ac7563ea155.mp4' for writing
[hls @ 0xaaaae2824fb0] Opening '/config/cache/transcodes/9bfd5e741183fcd121689ef9ac7563ea156.mp4' for writing
frame=22669 fps=1053 q=-1.0 size=N/A time=00:15:16.65 bitrate=N/A speed=42.6x elapsed=0:00:21.53    
[hls @ 0xaaaae2824fb0] Opening '/config/cache/transcodes/9bfd5e741183fcd121689ef9ac7563ea157.mp4' for writing
[hls @ 0xaaaae2824fb0] Opening '/config/cache/transcodes/9bfd5e741183fcd121689ef9ac7563ea158.mp4' for writing
[hls @ 0xaaaae2824fb0] Opening '/config/cache/transcodes/9bfd5e741183fcd121689ef9ac7563ea159.mp4' for writing
frame=23162 fps=1051 q=-1.0 size=N/A time=00:15:37.15 bitrate=N/A speed=42.5x elapsed=0:00:22.03    
[hls @ 0xaaaae2824fb0] Opening '/config/cache/transcodes/9bfd5e741183fcd121689ef9ac7563ea160.mp4' for writing
[hls @ 0xaaaae2824fb0] Opening '/config/cache/transcodes/9bfd5e741183fcd121689ef9ac7563ea161.mp4' for writing
[hls @ 0xaaaae2824fb0] Opening '/config/cache/transcodes/9bfd5e741183fcd121689ef9ac7563ea162.mp4' for writing
[hls @ 0xaaaae2824fb0] Opening '/config/cache/transcodes/9bfd5e741183fcd121689ef9ac7563ea163.mp4' for writing
frame=23682 fps=1051 q=-1.0 size=N/A time=00:15:59.04 bitrate=N/A speed=42.6x elapsed=0:00:22.53    
[hls @ 0xaaaae2824fb0] Opening '/config/cache/transcodes/9bfd5e741183fcd121689ef9ac7563ea164.mp4' for writing
[hls @ 0xaaaae2824fb0] Opening '/config/cache/transcodes/9bfd5e741183fcd121689ef9ac7563ea165.mp4' for writing
[hls @ 0xaaaae2824fb0] Opening '/config/cache/transcodes/9bfd5e741183fcd121689ef9ac7563ea166.mp4' for writing
[hls @ 0xaaaae2824fb0] Opening '/config/cache/transcodes/9bfd5e741183fcd121689ef9ac7563ea167.mp4' for writing
frame=24204 fps=1051 q=-1.0 size=N/A time=00:16:20.71 bitrate=N/A speed=42.6x elapsed=0:00:23.03    
[hls @ 0xaaaae2824fb0] Opening '/config/cache/transcodes/9bfd5e741183fcd121689ef9ac7563ea168.mp4' for writing
[hls @ 0xaaaae2824fb0] Opening '/config/cache/transcodes/9bfd5e741183fcd121689ef9ac7563ea169.mp4' for writing
[hls @ 0xaaaae2824fb0] Opening '/config/cache/transcodes/9bfd5e741183fcd121689ef9ac7563ea170.mp4' for writing
frame=24648 fps=1047 q=-1.0 size=N/A time=00:16:39.18 bitrate=N/A speed=42.4x elapsed=0:00:23.53    
[hls @ 0xaaaae2824fb0] Opening '/config/cache/transcodes/9bfd5e741183fcd121689ef9ac7563ea171.mp4' for writing
[hls @ 0xaaaae2824fb0] Opening '/config/cache/transcodes/9bfd5e741183fcd121689ef9ac7563ea172.mp4' for writing
[hls @ 0xaaaae2824fb0] Opening '/config/cache/transcodes/9bfd5e741183fcd121689ef9ac7563ea173.mp4' for writing
frame=25165 fps=1047 q=-1.0 size=N/A time=00:17:00.69 bitrate=N/A speed=42.5x elapsed=0:00:24.03    
[hls @ 0xaaaae2824fb0] Opening '/config/cache/transcodes/9bfd5e741183fcd121689ef9ac7563ea174.mp4' for writing
[hls @ 0xaaaae2824fb0] Opening '/config/cache/transcodes/9bfd5e741183fcd121689ef9ac7563ea175.mp4' for writing
[hls @ 0xaaaae2824fb0] Opening '/config/cache/transcodes/9bfd5e741183fcd121689ef9ac7563ea176.mp4' for writing
[hls @ 0xaaaae2824fb0] Opening '/config/cache/transcodes/9bfd5e741183fcd121689ef9ac7563ea177.mp4' for writing
frame=25699 fps=1047 q=-1.0 size=N/A time=00:17:23.17 bitrate=N/A speed=42.5x elapsed=0:00:24.53    
[hls @ 0xaaaae2824fb0] Opening '/config/cache/transcodes/9bfd5e741183fcd121689ef9ac7563ea178.mp4' for writing
[hls @ 0xaaaae2824fb0] Opening '/config/cache/transcodes/9bfd5e741183fcd121689ef9ac7563ea179.mp4' for writing
[hls @ 0xaaaae2824fb0] Opening '/config/cache/transcodes/9bfd5e741183fcd121689ef9ac7563ea180.mp4' for writing
[hls @ 0xaaaae2824fb0] Opening '/config/cache/transcodes/9bfd5e741183fcd121689ef9ac7563ea181.mp4' for writing
frame=26220 fps=1047 q=-1.0 size=N/A time=00:17:44.93 bitrate=N/A speed=42.5x elapsed=0:00:25.03    
[hls @ 0xaaaae2824fb0] Opening '/config/cache/transcodes/9bfd5e741183fcd121689ef9ac7563ea182.mp4' for writing
[hls @ 0xaaaae2824fb0] Opening '/config/cache/transcodes/9bfd5e741183fcd121689ef9ac7563ea183.mp4' for writing
[hls @ 0xaaaae2824fb0] Opening '/config/cache/transcodes/9bfd5e741183fcd121689ef9ac7563ea184.mp4' for writing
frame=26676 fps=1045 q=-1.0 size=N/A time=00:18:03.84 bitrate=N/A speed=42.4x elapsed=0:00:25.53    
[hls @ 0xaaaae2824fb0] Opening '/config/cache/transcodes/9bfd5e741183fcd121689ef9ac7563ea185.mp4' for writing
[hls @ 0xaaaae2824fb0] Opening '/config/cache/transcodes/9bfd5e741183fcd121689ef9ac7563ea186.mp4' for writing
[hls @ 0xaaaae2824fb0] Opening '/config/cache/transcodes/9bfd5e741183fcd121689ef9ac7563ea187.mp4' for writing
frame=27169 fps=1043 q=-1.0 size=N/A time=00:18:24.44 bitrate=N/A speed=42.4x elapsed=0:00:26.03    
[hls @ 0xaaaae2824fb0] Opening '/config/cache/transcodes/9bfd5e741183fcd121689ef9ac7563ea188.mp4' for writing
[hls @ 0xaaaae2824fb0] Opening '/config/cache/transcodes/9bfd5e741183fcd121689ef9ac7563ea189.mp4' for writing
[hls @ 0xaaaae2824fb0] Opening '/config/cache/transcodes/9bfd5e741183fcd121689ef9ac7563ea190.mp4' for writing
[hls @ 0xaaaae2824fb0] Opening '/config/cache/transcodes/9bfd5e741183fcd121689ef9ac7563ea191.mp4' for writing
frame=27657 fps=1042 q=-1.0 size=N/A time=00:18:44.88 bitrate=N/A speed=42.4x elapsed=0:00:26.53    
[hls @ 0xaaaae2824fb0] Opening '/config/cache/transcodes/9bfd5e741183fcd121689ef9ac7563ea192.mp4' for writing
[hls @ 0xaaaae2824fb0] Opening '/config/cache/transcodes/9bfd5e741183fcd121689ef9ac7563ea193.mp4' for writing
[hls @ 0xaaaae2824fb0] Opening '/config/cache/transcodes/9bfd5e741183fcd121689ef9ac7563ea194.mp4' for writing
[hls @ 0xaaaae2824fb0] Opening '/config/cache/transcodes/9bfd5e741183fcd121689ef9ac7563ea195.mp4' for writing
frame=28277 fps=1046 q=-1.0 size=N/A time=00:19:10.74 bitrate=N/A speed=42.6x elapsed=0:00:27.04    
[hls @ 0xaaaae2824fb0] Opening '/config/cache/transcodes/9bfd5e741183fcd121689ef9ac7563ea196.mp4' for writing
[hls @ 0xaaaae2824fb0] Opening '/config/cache/transcodes/9bfd5e741183fcd121689ef9ac7563ea197.mp4' for writing
[hls @ 0xaaaae2824fb0] Opening '/config/cache/transcodes/9bfd5e741183fcd121689ef9ac7563ea198.mp4' for writing
frame=28691 fps=1042 q=-1.0 size=N/A time=00:19:27.91 bitrate=N/A speed=42.4x elapsed=0:00:27.54    
[hls @ 0xaaaae2824fb0] Opening '/config/cache/transcodes/9bfd5e741183fcd121689ef9ac7563ea199.mp4' for writing
[hls @ 0xaaaae2824fb0] Opening '/config/cache/transcodes/9bfd5e741183fcd121689ef9ac7563ea200.mp4' for writing
[hls @ 0xaaaae2824fb0] Opening '/config/cache/transcodes/9bfd5e741183fcd121689ef9ac7563ea201.mp4' for writing
frame=29114 fps=1038 q=-1.0 size=N/A time=00:19:45.51 bitrate=N/A speed=42.3x elapsed=0:00:28.04    
[hls @ 0xaaaae2824fb0] Opening '/config/cache/transcodes/9bfd5e741183fcd121689ef9ac7563ea202.mp4' for writing
[hls @ 0xaaaae2824fb0] Opening '/config/cache/transcodes/9bfd5e741183fcd121689ef9ac7563ea203.mp4' for writing
[hls @ 0xaaaae2824fb0] Opening '/config/cache/transcodes/9bfd5e741183fcd121689ef9ac7563ea204.mp4' for writing
frame=29591 fps=1037 q=-1.0 size=N/A time=00:20:05.41 bitrate=N/A speed=42.2x elapsed=0:00:28.54    
[hls @ 0xaaaae2824fb0] Opening '/config/cache/transcodes/9bfd5e741183fcd121689ef9ac7563ea205.mp4' for writing
[hls @ 0xaaaae2824fb0] Opening '/config/cache/transcodes/9bfd5e741183fcd121689ef9ac7563ea206.mp4' for writing
[hls @ 0xaaaae2824fb0] Opening '/config/cache/transcodes/9bfd5e741183fcd121689ef9ac7563ea207.mp4' for writing
frame=30004 fps=1033 q=-1.0 size=N/A time=00:20:22.89 bitrate=N/A speed=42.1x elapsed=0:00:29.04    
[hls @ 0xaaaae2824fb0] Opening '/config/cache/transcodes/9bfd5e741183fcd121689ef9ac7563ea208.mp4' for writing
frame=30176 fps=1021 q=-1.0 size=N/A time=00:20:29.90 bitrate=N/A speed=41.6x elapsed=0:00:29.54    
[hls @ 0xaaaae2824fb0] Opening '/config/cache/transcodes/9bfd5e741183fcd121689ef9ac7563ea209.mp4' for writing
[hls @ 0xaaaae2824fb0] Opening '/config/cache/transcodes/9bfd5e741183fcd121689ef9ac7563ea210.mp4' for writing
[hls @ 0xaaaae2824fb0] Opening '/config/cache/transcodes/9bfd5e741183fcd121689ef9ac7563ea211.mp4' for writing
frame=30565 fps=1017 q=-1.0 size=N/A time=00:20:46.05 bitrate=N/A speed=41.5x elapsed=0:00:30.04    
[hls @ 0xaaaae2824fb0] Opening '/config/cache/transcodes/9bfd5e741183fcd121689ef9ac7563ea212.mp4' for writing
[hls @ 0xaaaae2824fb0] Opening '/config/cache/transcodes/9bfd5e741183fcd121689ef9ac7563ea213.mp4' for writing
[hls @ 0xaaaae2824fb0] Opening '/config/cache/transcodes/9bfd5e741183fcd121689ef9ac7563ea214.mp4' for writing
frame=31009 fps=1015 q=-1.0 size=N/A time=00:21:04.64 bitrate=N/A speed=41.4x elapsed=0:00:30.54    
[hls @ 0xaaaae2824fb0] Opening '/config/cache/transcodes/9bfd5e741183fcd121689ef9ac7563ea215.mp4' for writing
[hls @ 0xaaaae2824fb0] Opening '/config/cache/transcodes/9bfd5e741183fcd121689ef9ac7563ea216.mp4' for writing
[hls @ 0xaaaae2824fb0] Opening '/config/cache/transcodes/9bfd5e741183fcd121689ef9ac7563ea217.mp4' for writing
frame=31517 fps=1015 q=-1.0 size=N/A time=00:21:25.78 bitrate=N/A speed=41.4x elapsed=0:00:31.04    
[hls @ 0xaaaae2824fb0] Opening '/config/cache/transcodes/9bfd5e741183fcd121689ef9ac7563ea218.mp4' for writing
[hls @ 0xaaaae2824fb0] Opening '/config/cache/transcodes/9bfd5e741183fcd121689ef9ac7563ea219.mp4' for writing
[hls @ 0xaaaae2824fb0] Opening '/config/cache/transcodes/9bfd5e741183fcd121689ef9ac7563ea220.mp4' for writing
[hls @ 0xaaaae2824fb0] Opening '/config/cache/transcodes/9bfd5e741183fcd121689ef9ac7563ea221.mp4' for writing
frame=31973 fps=1014 q=-1.0 size=N/A time=00:21:44.96 bitrate=N/A speed=41.4x elapsed=0:00:31.54    
[hls @ 0xaaaae2824fb0] Opening '/config/cache/transcodes/9bfd5e741183fcd121689ef9ac7563ea222.mp4' for writing
[hls @ 0xaaaae2824fb0] Opening '/config/cache/transcodes/9bfd5e741183fcd121689ef9ac7563ea223.mp4' for writing
frame=32284 fps=1007 q=-1.0 size=N/A time=00:21:57.78 bitrate=N/A speed=41.1x elapsed=0:00:32.04    
[hls @ 0xaaaae2824fb0] Opening '/config/cache/transcodes/9bfd5e741183fcd121689ef9ac7563ea224.mp4' for writing
[hls @ 0xaaaae2824fb0] Opening '/config/cache/transcodes/9bfd5e741183fcd121689ef9ac7563ea225.mp4' for writing
[hls @ 0xaaaae2824fb0] Opening '/config/cache/transcodes/9bfd5e741183fcd121689ef9ac7563ea226.mp4' for writing
[hls @ 0xaaaae2824fb0] Opening '/config/cache/transcodes/9bfd5e741183fcd121689ef9ac7563ea227.mp4' for writing
frame=32849 fps=1009 q=-1.0 size=N/A time=00:22:21.54 bitrate=N/A speed=41.2x elapsed=0:00:32.54    
[hls @ 0xaaaae2824fb0] Opening '/config/cache/transcodes/9bfd5e741183fcd121689ef9ac7563ea228.mp4' for writing
[hls @ 0xaaaae2824fb0] Opening '/config/cache/transcodes/9bfd5e741183fcd121689ef9ac7563ea229.mp4' for writing
frame=33268 fps=1007 q=-1.0 size=N/A time=00:22:38.93 bitrate=N/A speed=41.1x elapsed=0:00:33.05    
[hls @ 0xaaaae2824fb0] Opening '/config/cache/transcodes/9bfd5e741183fcd121689ef9ac7563ea230.mp4' for writing
[hls @ 0xaaaae2824fb0] Opening '/config/cache/transcodes/9bfd5e741183fcd121689ef9ac7563ea231.mp4' for writing
[hls @ 0xaaaae2824fb0] Opening '/config/cache/transcodes/9bfd5e741183fcd121689ef9ac7563ea232.mp4' for writing
[hls @ 0xaaaae2824fb0] Opening '/config/cache/transcodes/9bfd5e741183fcd121689ef9ac7563ea233.mp4' for writing
frame=33731 fps=1005 q=-1.0 size=N/A time=00:22:58.06 bitrate=N/A speed=41.1x elapsed=0:00:33.55    
[hls @ 0xaaaae2824fb0] Opening '/config/cache/transcodes/9bfd5e741183fcd121689ef9ac7563ea234.mp4' for writing
[hls @ 0xaaaae2824fb0] Opening '/config/cache/transcodes/9bfd5e741183fcd121689ef9ac7563ea235.mp4' for writing
[hls @ 0xaaaae2824fb0] Opening '/config/cache/transcodes/9bfd5e741183fcd121689ef9ac7563ea236.mp4' for writing
frame=34256 fps=1006 q=-1.0 size=N/A time=00:23:20.32 bitrate=N/A speed=41.1x elapsed=0:00:34.06    
[hls @ 0xaaaae2824fb0] Opening '/config/cache/transcodes/9bfd5e741183fcd121689ef9ac7563ea237.mp4' for writing
[hls @ 0xaaaae2824fb0] Opening '/config/cache/transcodes/9bfd5e741183fcd121689ef9ac7563ea238.mp4' for writing
[hls @ 0xaaaae2824fb0] Opening '/config/cache/transcodes/9bfd5e741183fcd121689ef9ac7563ea239.mp4' for writing
frame=34589 fps=1001 q=-1.0 size=N/A time=00:23:33.99 bitrate=N/A speed=40.9x elapsed=0:00:34.56    
[hls @ 0xaaaae2824fb0] Opening '/config/cache/transcodes/9bfd5e741183fcd121689ef9ac7563ea240.mp4' for writing
[hls @ 0xaaaae2824fb0] Opening '/config/cache/transcodes/9bfd5e741183fcd121689ef9ac7563ea241.mp4' for writing
[hls @ 0xaaaae2824fb0] Opening '/config/cache/transcodes/9bfd5e741183fcd121689ef9ac7563ea242.mp4' for writing
frame=34996 fps=998 q=-1.0 size=N/A time=00:23:51.22 bitrate=N/A speed=40.8x elapsed=0:00:35.06    
[hls @ 0xaaaae2824fb0] Opening '/config/cache/transcodes/9bfd5e741183fcd121689ef9ac7563ea243.mp4' for writing
[hls @ 0xaaaae2824fb0] Opening '/config/cache/transcodes/9bfd5e741183fcd121689ef9ac7563ea244.mp4' for writing
[hls @ 0xaaaae2824fb0] Opening '/config/cache/transcodes/9bfd5e741183fcd121689ef9ac7563ea245.mp4' for writing
frame=35489 fps=998 q=-1.0 size=N/A time=00:24:11.43 bitrate=N/A speed=40.8x elapsed=0:00:35.56    
[hls @ 0xaaaae2824fb0] Opening '/config/cache/transcodes/9bfd5e741183fcd121689ef9ac7563ea246.mp4' for writing
[hls @ 0xaaaae2824fb0] Opening '/config/cache/transcodes/9bfd5e741183fcd121689ef9ac7563ea247.mp4' for writing
[hls @ 0xaaaae2824fb0] Opening '/config/cache/transcodes/9bfd5e741183fcd121689ef9ac7563ea248.mp4' for writing
frame=35863 fps=994 q=-1.0 size=N/A time=00:24:27.17 bitrate=N/A speed=40.7x elapsed=0:00:36.07    
[hls @ 0xaaaae2824fb0] Opening '/config/cache/transcodes/9bfd5e741183fcd121689ef9ac7563ea249.mp4' for writing
[hls @ 0xaaaae2824fb0] Opening '/config/cache/transcodes/9bfd5e741183fcd121689ef9ac7563ea250.mp4' for writing
[hls @ 0xaaaae2824fb0] Opening '/config/cache/transcodes/9bfd5e741183fcd121689ef9ac7563ea251.mp4' for writing
frame=36313 fps=993 q=-1.0 size=N/A time=00:24:45.84 bitrate=N/A speed=40.6x elapsed=0:00:36.57    
[hls @ 0xaaaae2824fb0] Opening '/config/cache/transcodes/9bfd5e741183fcd121689ef9ac7563ea252.mp4' for writing
[hls @ 0xaaaae2824fb0] Opening '/config/cache/transcodes/9bfd5e741183fcd121689ef9ac7563ea253.mp4' for writing
[hls @ 0xaaaae2824fb0] Opening '/config/cache/transcodes/9bfd5e741183fcd121689ef9ac7563ea254.mp4' for writing
frame=36813 fps=993 q=-1.0 size=N/A time=00:25:06.70 bitrate=N/A speed=40.6x elapsed=0:00:37.07    
[hls @ 0xaaaae2824fb0] Opening '/config/cache/transcodes/9bfd5e741183fcd121689ef9ac7563ea255.mp4' for writing
[hls @ 0xaaaae2824fb0] Opening '/config/cache/transcodes/9bfd5e741183fcd121689ef9ac7563ea256.mp4' for writing
[hls @ 0xaaaae2824fb0] Opening '/config/cache/transcodes/9bfd5e741183fcd121689ef9ac7563ea257.mp4' for writing
frame=37286 fps=992 q=-1.0 size=N/A time=00:25:26.48 bitrate=N/A speed=40.6x elapsed=0:00:37.57    
[hls @ 0xaaaae2824fb0] Opening '/config/cache/transcodes/9bfd5e741183fcd121689ef9ac7563ea258.mp4' for writing
[hls @ 0xaaaae2824fb0] Opening '/config/cache/transcodes/9bfd5e741183fcd121689ef9ac7563ea259.mp4' for writing
[hls @ 0xaaaae2824fb0] Opening '/config/cache/transcodes/9bfd5e741183fcd121689ef9ac7563ea260.mp4' for writing
frame=37720 fps=991 q=-1.0 size=N/A time=00:25:44.51 bitrate=N/A speed=40.6x elapsed=0:00:38.07    
[hls @ 0xaaaae2824fb0] Opening '/config/cache/transcodes/9bfd5e741183fcd121689ef9ac7563ea261.mp4' for writing
[hls @ 0xaaaae2824fb0] Opening '/config/cache/transcodes/9bfd5e741183fcd121689ef9ac7563ea262.mp4' for writing
[hls @ 0xaaaae2824fb0] Opening '/config/cache/transcodes/9bfd5e741183fcd121689ef9ac7563ea263.mp4' for writing
[hls @ 0xaaaae2824fb0] Opening '/config/cache/transcodes/9bfd5e741183fcd121689ef9ac7563ea264.mp4' for writing
frame=38189 fps=990 q=-1.0 size=N/A time=00:26:04.11 bitrate=N/A speed=40.6x elapsed=0:00:38.57    
[hls @ 0xaaaae2824fb0] Opening '/config/cache/transcodes/9bfd5e741183fcd121689ef9ac7563ea265.mp4' for writing
[hls @ 0xaaaae2824fb0] Opening '/config/cache/transcodes/9bfd5e741183fcd121689ef9ac7563ea266.mp4' for writing
[hls @ 0xaaaae2824fb0] Opening '/config/cache/transcodes/9bfd5e741183fcd121689ef9ac7563ea267.mp4' for writing
frame=38700 fps=990 q=-1.0 size=N/A time=00:26:25.42 bitrate=N/A speed=40.6x elapsed=0:00:39.07    
[hls @ 0xaaaae2824fb0] Opening '/config/cache/transcodes/9bfd5e741183fcd121689ef9ac7563ea268.mp4' for writing
[hls @ 0xaaaae2824fb0] Opening '/config/cache/transcodes/9bfd5e741183fcd121689ef9ac7563ea269.mp4' for writing
[hls @ 0xaaaae2824fb0] Opening '/config/cache/transcodes/9bfd5e741183fcd121689ef9ac7563ea270.mp4' for writing
frame=39104 fps=988 q=-1.0 size=N/A time=00:26:42.32 bitrate=N/A speed=40.5x elapsed=0:00:39.57    
[hls @ 0xaaaae2824fb0] Opening '/config/cache/transcodes/9bfd5e741183fcd121689ef9ac7563ea271.mp4' for writing
[hls @ 0xaaaae2824fb0] Opening '/config/cache/transcodes/9bfd5e741183fcd121689ef9ac7563ea272.mp4' for writing
[hls @ 0xaaaae2824fb0] Opening '/config/cache/transcodes/9bfd5e741183fcd121689ef9ac7563ea273.mp4' for writing
frame=39511 fps=986 q=-1.0 size=N/A time=00:26:59.09 bitrate=N/A speed=40.4x elapsed=0:00:40.07    
[hls @ 0xaaaae2824fb0] Opening '/config/cache/transcodes/9bfd5e741183fcd121689ef9ac7563ea274.mp4' for writing
[hls @ 0xaaaae2824fb0] Opening '/config/cache/transcodes/9bfd5e741183fcd121689ef9ac7563ea275.mp4' for writing
[hls @ 0xaaaae2824fb0] Opening '/config/cache/transcodes/9bfd5e741183fcd121689ef9ac7563ea276.mp4' for writing
frame=39931 fps=984 q=-1.0 size=N/A time=00:27:16.67 bitrate=N/A speed=40.3x elapsed=0:00:40.57    
[hls @ 0xaaaae2824fb0] Opening '/config/cache/transcodes/9bfd5e741183fcd121689ef9ac7563ea277.mp4' for writing
[hls @ 0xaaaae2824fb0] Opening '/config/cache/transcodes/9bfd5e741183fcd121689ef9ac7563ea278.mp4' for writing
frame=40284 fps=981 q=-1.0 size=N/A time=00:27:31.56 bitrate=N/A speed=40.2x elapsed=0:00:41.07    
[hls @ 0xaaaae2824fb0] Opening '/config/cache/transcodes/9bfd5e741183fcd121689ef9ac7563ea279.mp4' for writing
[hls @ 0xaaaae2824fb0] Opening '/config/cache/transcodes/9bfd5e741183fcd121689ef9ac7563ea280.mp4' for writing
[hls @ 0xaaaae2824fb0] Opening '/config/cache/transcodes/9bfd5e741183fcd121689ef9ac7563ea281.mp4' for writing
frame=40637 fps=977 q=-1.0 size=N/A time=00:27:46.37 bitrate=N/A speed=40.1x elapsed=0:00:41.59    
[hls @ 0xaaaae2824fb0] Opening '/config/cache/transcodes/9bfd5e741183fcd121689ef9ac7563ea282.mp4' for writing
[hls @ 0xaaaae2824fb0] Opening '/config/cache/transcodes/9bfd5e741183fcd121689ef9ac7563ea283.mp4' for writing
frame=40902 fps=972 q=-1.0 size=N/A time=00:27:57.35 bitrate=N/A speed=39.8x elapsed=0:00:42.09    
[hls @ 0xaaaae2824fb0] Opening '/config/cache/transcodes/9bfd5e741183fcd121689ef9ac7563ea284.mp4' for writing
[hls @ 0xaaaae2824fb0] Opening '/config/cache/transcodes/9bfd5e741183fcd121689ef9ac7563ea285.mp4' for writing
frame=41227 fps=968 q=-1.0 size=N/A time=00:28:10.66 bitrate=N/A speed=39.7x elapsed=0:00:42.59    
[hls @ 0xaaaae2824fb0] Opening '/config/cache/transcodes/9bfd5e741183fcd121689ef9ac7563ea286.mp4' for writing
[hls @ 0xaaaae2824fb0] Opening '/config/cache/transcodes/9bfd5e741183fcd121689ef9ac7563ea287.mp4' for writing
frame=41521 fps=964 q=-1.0 size=N/A time=00:28:22.95 bitrate=N/A speed=39.5x elapsed=0:00:43.09    
[hls @ 0xaaaae2824fb0] Opening '/config/cache/transcodes/9bfd5e741183fcd121689ef9ac7563ea288.mp4' for writing
[hls @ 0xaaaae2824fb0] Opening '/config/cache/transcodes/9bfd5e741183fcd121689ef9ac7563ea289.mp4' for writing
[hls @ 0xaaaae2824fb0] Opening '/config/cache/transcodes/9bfd5e741183fcd121689ef9ac7563ea290.mp4' for writing
frame=41957 fps=962 q=-1.0 size=N/A time=00:28:41.32 bitrate=N/A speed=39.5x elapsed=0:00:43.59    
[hls @ 0xaaaae2824fb0] Opening '/config/cache/transcodes/9bfd5e741183fcd121689ef9ac7563ea291.mp4' for writing
[hls @ 0xaaaae2824fb0] Opening '/config/cache/transcodes/9bfd5e741183fcd121689ef9ac7563ea292.mp4' for writing
frame=42306 fps=959 q=-1.0 size=N/A time=00:28:55.82 bitrate=N/A speed=39.4x elapsed=0:00:44.09    
[hls @ 0xaaaae2824fb0] Opening '/config/cache/transcodes/9bfd5e741183fcd121689ef9ac7563ea293.mp4' for writing
[hls @ 0xaaaae2824fb0] Opening '/config/cache/transcodes/9bfd5e741183fcd121689ef9ac7563ea294.mp4' for writing
[hls @ 0xaaaae2824fb0] Opening '/config/cache/transcodes/9bfd5e741183fcd121689ef9ac7563ea295.mp4' for writing
frame=42690 fps=957 q=-1.0 size=N/A time=00:29:11.78 bitrate=N/A speed=39.3x elapsed=0:00:44.59    
[hls @ 0xaaaae2824fb0] Opening '/config/cache/transcodes/9bfd5e741183fcd121689ef9ac7563ea296.mp4' for writing
[hls @ 0xaaaae2824fb0] Opening '/config/cache/transcodes/9bfd5e741183fcd121689ef9ac7563ea297.mp4' for writing
frame=42991 fps=953 q=-1.0 size=N/A time=00:29:24.26 bitrate=N/A speed=39.1x elapsed=0:00:45.09    
[hls @ 0xaaaae2824fb0] Opening '/config/cache/transcodes/9bfd5e741183fcd121689ef9ac7563ea298.mp4' for writing
[hls @ 0xaaaae2824fb0] Opening '/config/cache/transcodes/9bfd5e741183fcd121689ef9ac7563ea299.mp4' for writing
[hls @ 0xaaaae2824fb0] Opening '/config/cache/transcodes/9bfd5e741183fcd121689ef9ac7563ea300.mp4' for writing
frame=43349 fps=951 q=-1.0 size=N/A time=00:29:39.32 bitrate=N/A speed=  39x elapsed=0:00:45.59    
[hls @ 0xaaaae2824fb0] Opening '/config/cache/transcodes/9bfd5e741183fcd121689ef9ac7563ea301.mp4' for writing
[hls @ 0xaaaae2824fb0] Opening '/config/cache/transcodes/9bfd5e741183fcd121689ef9ac7563ea302.mp4' for writing
frame=43740 fps=949 q=-1.0 size=N/A time=00:29:55.60 bitrate=N/A speed=  39x elapsed=0:00:46.09    
[hls @ 0xaaaae2824fb0] Opening '/config/cache/transcodes/9bfd5e741183fcd121689ef9ac7563ea303.mp4' for writing
[hls @ 0xaaaae2824fb0] Opening '/config/cache/transcodes/9bfd5e741183fcd121689ef9ac7563ea304.mp4' for writing
[hls @ 0xaaaae2824fb0] Opening '/config/cache/transcodes/9bfd5e741183fcd121689ef9ac7563ea305.mp4' for writing
frame=44167 fps=948 q=-1.0 size=N/A time=00:30:13.33 bitrate=N/A speed=38.9x elapsed=0:00:46.59    
[hls @ 0xaaaae2824fb0] Opening '/config/cache/transcodes/9bfd5e741183fcd121689ef9ac7563ea306.mp4' for writing
[hls @ 0xaaaae2824fb0] Opening '/config/cache/transcodes/9bfd5e741183fcd121689ef9ac7563ea307.mp4' for writing
[hls @ 0xaaaae2824fb0] Opening '/config/cache/transcodes/9bfd5e741183fcd121689ef9ac7563ea308.mp4' for writing
frame=44549 fps=946 q=-1.0 size=N/A time=00:30:29.48 bitrate=N/A speed=38.8x elapsed=0:00:47.09    
[hls @ 0xaaaae2824fb0] Opening '/config/cache/transcodes/9bfd5e741183fcd121689ef9ac7563ea309.mp4' for writing
[hls @ 0xaaaae2824fb0] Opening '/config/cache/transcodes/9bfd5e741183fcd121689ef9ac7563ea310.mp4' for writing
[hls @ 0xaaaae2824fb0] Opening '/config/cache/transcodes/9bfd5e741183fcd121689ef9ac7563ea311.mp4' for writing
frame=44946 fps=944 q=-1.0 size=N/A time=00:30:45.97 bitrate=N/A speed=38.8x elapsed=0:00:47.59    
[hls @ 0xaaaae2824fb0] Opening '/config/cache/transcodes/9bfd5e741183fcd121689ef9ac7563ea312.mp4' for writing
[hls @ 0xaaaae2824fb0] Opening '/config/cache/transcodes/9bfd5e741183fcd121689ef9ac7563ea313.mp4' for writing
frame=45299 fps=942 q=-1.0 size=N/A time=00:31:00.69 bitrate=N/A speed=38.7x elapsed=0:00:48.09    
[hls @ 0xaaaae2824fb0] Opening '/config/cache/transcodes/9bfd5e741183fcd121689ef9ac7563ea314.mp4' for writing
[hls @ 0xaaaae2824fb0] Opening '/config/cache/transcodes/9bfd5e741183fcd121689ef9ac7563ea315.mp4' for writing
[hls @ 0xaaaae2824fb0] Opening '/config/cache/transcodes/9bfd5e741183fcd121689ef9ac7563ea316.mp4' for writing
frame=45769 fps=942 q=-1.0 size=N/A time=00:31:20.14 bitrate=N/A speed=38.7x elapsed=0:00:48.59    
[hls @ 0xaaaae2824fb0] Opening '/config/cache/transcodes/9bfd5e741183fcd121689ef9ac7563ea317.mp4' for writing
[hls @ 0xaaaae2824fb0] Opening '/config/cache/transcodes/9bfd5e741183fcd121689ef9ac7563ea318.mp4' for writing
[hls @ 0xaaaae2824fb0] Opening '/config/cache/transcodes/9bfd5e741183fcd121689ef9ac7563ea319.mp4' for writing
[hls @ 0xaaaae2824fb0] Opening '/config/cache/transcodes/9bfd5e741183fcd121689ef9ac7563ea320.mp4' for writing
frame=46229 fps=942 q=-1.0 size=N/A time=00:31:39.58 bitrate=N/A speed=38.7x elapsed=0:00:49.09    
[hls @ 0xaaaae2824fb0] Opening '/config/cache/transcodes/9bfd5e741183fcd121689ef9ac7563ea321.mp4' for writing
[hls @ 0xaaaae2824fb0] Opening '/config/cache/transcodes/9bfd5e741183fcd121689ef9ac7563ea322.mp4' for writing
[hls @ 0xaaaae2824fb0] Opening '/config/cache/transcodes/9bfd5e741183fcd121689ef9ac7563ea323.mp4' for writing
frame=46730 fps=942 q=-1.0 size=N/A time=00:32:00.40 bitrate=N/A speed=38.7x elapsed=0:00:49.60    
[hls @ 0xaaaae2824fb0] Opening '/config/cache/transcodes/9bfd5e741183fcd121689ef9ac7563ea324.mp4' for writing
[hls @ 0xaaaae2824fb0] Opening '/config/cache/transcodes/9bfd5e741183fcd121689ef9ac7563ea325.mp4' for writing
[hls @ 0xaaaae2824fb0] Opening '/config/cache/transcodes/9bfd5e741183fcd121689ef9ac7563ea326.mp4' for writing
frame=47141 fps=941 q=-1.0 size=N/A time=00:32:17.53 bitrate=N/A speed=38.7x elapsed=0:00:50.10    
[hls @ 0xaaaae2824fb0] Opening '/config/cache/transcodes/9bfd5e741183fcd121689ef9ac7563ea327.mp4' for writing
[hls @ 0xaaaae2824fb0] Opening '/config/cache/transcodes/9bfd5e741183fcd121689ef9ac7563ea328.mp4' for writing
[hls @ 0xaaaae2824fb0] Opening '/config/cache/transcodes/9bfd5e741183fcd121689ef9ac7563ea329.mp4' for writing
[hls @ 0xaaaae2824fb0] Opening '/config/cache/transcodes/9bfd5e741183fcd121689ef9ac7563ea330.mp4' for writing
frame=47732 fps=943 q=-1.0 size=N/A time=00:32:41.94 bitrate=N/A speed=38.8x elapsed=0:00:50.60    
[hls @ 0xaaaae2824fb0] Opening '/config/cache/transcodes/9bfd5e741183fcd121689ef9ac7563ea331.mp4' for writing
[hls @ 0xaaaae2824fb0] Opening '/config/cache/transcodes/9bfd5e741183fcd121689ef9ac7563ea332.mp4' for writing
frame=48023 fps=940 q=-1.0 size=N/A time=00:32:54.27 bitrate=N/A speed=38.6x elapsed=0:00:51.10    
[hls @ 0xaaaae2824fb0] Opening '/config/cache/transcodes/9bfd5e741183fcd121689ef9ac7563ea333.mp4' for writing
[hls @ 0xaaaae2824fb0] Opening '/config/cache/transcodes/9bfd5e741183fcd121689ef9ac7563ea334.mp4' for writing
[hls @ 0xaaaae2824fb0] Opening '/config/cache/transcodes/9bfd5e741183fcd121689ef9ac7563ea335.mp4' for writing
frame=48413 fps=938 q=-1.0 size=N/A time=00:33:10.70 bitrate=N/A speed=38.6x elapsed=0:00:51.60    
[hls @ 0xaaaae2824fb0] Opening '/config/cache/transcodes/9bfd5e741183fcd121689ef9ac7563ea336.mp4' for writing
[hls @ 0xaaaae2824fb0] Opening '/config/cache/transcodes/9bfd5e741183fcd121689ef9ac7563ea337.mp4' for writing
[hls @ 0xaaaae2824fb0] Opening '/config/cache/transcodes/9bfd5e741183fcd121689ef9ac7563ea338.mp4' for writing
frame=48773 fps=936 q=-1.0 size=N/A time=00:33:25.61 bitrate=N/A speed=38.5x elapsed=0:00:52.10    
[hls @ 0xaaaae2824fb0] Opening '/config/cache/transcodes/9bfd5e741183fcd121689ef9ac7563ea339.mp4' for writing
[hls @ 0xaaaae2824fb0] Opening '/config/cache/transcodes/9bfd5e741183fcd121689ef9ac7563ea340.mp4' for writing
frame=49165 fps=935 q=-1.0 size=N/A time=00:33:41.73 bitrate=N/A speed=38.4x elapsed=0:00:52.60    
[hls @ 0xaaaae2824fb0] Opening '/config/cache/transcodes/9bfd5e741183fcd121689ef9ac7563ea341.mp4' for writing
[hls @ 0xaaaae2824fb0] Opening '/config/cache/transcodes/9bfd5e741183fcd121689ef9ac7563ea342.mp4' for writing
frame=49398 fps=930 q=-1.0 size=N/A time=00:33:51.53 bitrate=N/A speed=38.3x elapsed=0:00:53.10    
[hls @ 0xaaaae2824fb0] Opening '/config/cache/transcodes/9bfd5e741183fcd121689ef9ac7563ea343.mp4' for writing
[hls @ 0xaaaae2824fb0] Opening '/config/cache/transcodes/9bfd5e741183fcd121689ef9ac7563ea344.mp4' for writing
frame=49720 fps=927 q=-1.0 size=N/A time=00:34:05.05 bitrate=N/A speed=38.1x elapsed=0:00:53.61    
[hls @ 0xaaaae2824fb0] Opening '/config/cache/transcodes/9bfd5e741183fcd121689ef9ac7563ea345.mp4' for writing
[hls @ 0xaaaae2824fb0] Opening '/config/cache/transcodes/9bfd5e741183fcd121689ef9ac7563ea346.mp4' for writing
[hls @ 0xaaaae2824fb0] Opening '/config/cache/transcodes/9bfd5e741183fcd121689ef9ac7563ea347.mp4' for writing
frame=50076 fps=925 q=-1.0 size=N/A time=00:34:19.81 bitrate=N/A speed=38.1x elapsed=0:00:54.11    
[hls @ 0xaaaae2824fb0] Opening '/config/cache/transcodes/9bfd5e741183fcd121689ef9ac7563ea348.mp4' for writing
[hls @ 0xaaaae2824fb0] Opening '/config/cache/transcodes/9bfd5e741183fcd121689ef9ac7563ea349.mp4' for writing
frame=50377 fps=922 q=-1.0 size=N/A time=00:34:32.27 bitrate=N/A speed=37.9x elapsed=0:00:54.61    
[hls @ 0xaaaae2824fb0] Opening '/config/cache/transcodes/9bfd5e741183fcd121689ef9ac7563ea350.mp4' for writing
[hls @ 0xaaaae2824fb0] Opening '/config/cache/transcodes/9bfd5e741183fcd121689ef9ac7563ea351.mp4' for writing
frame=50653 fps=919 q=-1.0 size=N/A time=00:34:43.73 bitrate=N/A speed=37.8x elapsed=0:00:55.11    
[hls @ 0xaaaae2824fb0] Opening '/config/cache/transcodes/9bfd5e741183fcd121689ef9ac7563ea352.mp4' for writing
frame=50893 fps=915 q=-1.0 size=N/A time=00:34:54.08 bitrate=N/A speed=37.7x elapsed=0:00:55.61    
[hls @ 0xaaaae2824fb0] Opening '/config/cache/transcodes/9bfd5e741183fcd121689ef9ac7563ea353.mp4' for writing
[hls @ 0xaaaae2824fb0] Opening '/config/cache/transcodes/9bfd5e741183fcd121689ef9ac7563ea354.mp4' for writing
[hls @ 0xaaaae2824fb0] Opening '/config/cache/transcodes/9bfd5e741183fcd121689ef9ac7563ea355.mp4' for writing
frame=51229 fps=913 q=-1.0 size=N/A time=00:35:07.88 bitrate=N/A speed=37.6x elapsed=0:00:56.11    
[hls @ 0xaaaae2824fb0] Opening '/config/cache/transcodes/9bfd5e741183fcd121689ef9ac7563ea356.mp4' for writing
[hls @ 0xaaaae2824fb0] Opening '/config/cache/transcodes/9bfd5e741183fcd121689ef9ac7563ea357.mp4' for writing
frame=51539 fps=910 q=-1.0 size=N/A time=00:35:20.89 bitrate=N/A speed=37.5x elapsed=0:00:56.61    
[hls @ 0xaaaae2824fb0] Opening '/config/cache/transcodes/9bfd5e741183fcd121689ef9ac7563ea358.mp4' for writing
frame=51664 fps=905 q=-1.0 size=N/A time=00:35:26.29 bitrate=N/A speed=37.2x elapsed=0:00:57.11    
frame=51696 fps=897 q=-1.0 size=N/A time=00:35:27.25 bitrate=N/A speed=36.9x elapsed=0:00:57.61    
[hls @ 0xaaaae2824fb0] Opening '/config/cache/transcodes/9bfd5e741183fcd121689ef9ac7563ea359.mp4' for writing
[hls @ 0xaaaae2824fb0] Opening '/config/cache/transcodes/9bfd5e741183fcd121689ef9ac7563ea360.mp4' for writing
frame=51954 fps=894 q=-1.0 size=N/A time=00:35:38.21 bitrate=N/A speed=36.8x elapsed=0:00:58.11    
[hls @ 0xaaaae2824fb0] Opening '/config/cache/transcodes/9bfd5e741183fcd121689ef9ac7563ea361.mp4' for writing
[hls @ 0xaaaae2824fb0] Opening '/config/cache/transcodes/9bfd5e741183fcd121689ef9ac7563ea362.mp4' for writing
[hls @ 0xaaaae2824fb0] Opening '/config/cache/transcodes/9bfd5e741183fcd121689ef9ac7563ea363.mp4' for writing
frame=52409 fps=894 q=-1.0 size=N/A time=00:35:57.12 bitrate=N/A speed=36.8x elapsed=0:00:58.61    
[hls @ 0xaaaae2824fb0] Opening '/config/cache/transcodes/9bfd5e741183fcd121689ef9ac7563ea364.mp4' for writing
[hls @ 0xaaaae2824fb0] Opening '/config/cache/transcodes/9bfd5e741183fcd121689ef9ac7563ea365.mp4' for writing
frame=52782 fps=893 q=-1.0 size=N/A time=00:36:12.71 bitrate=N/A speed=36.8x elapsed=0:00:59.12    
[hls @ 0xaaaae2824fb0] Opening '/config/cache/transcodes/9bfd5e741183fcd121689ef9ac7563ea366.mp4' for writing
[hls @ 0xaaaae2824fb0] Opening '/config/cache/transcodes/9bfd5e741183fcd121689ef9ac7563ea367.mp4' for writing
[hls @ 0xaaaae2824fb0] Opening '/config/cache/transcodes/9bfd5e741183fcd121689ef9ac7563ea368.mp4' for writing
frame=53097 fps=891 q=-1.0 size=N/A time=00:36:26.06 bitrate=N/A speed=36.7x elapsed=0:00:59.62    
[hls @ 0xaaaae2824fb0] Opening '/config/cache/transcodes/9bfd5e741183fcd121689ef9ac7563ea369.mp4' for writing
frame=53313 fps=887 q=-1.0 size=N/A time=00:36:34.96 bitrate=N/A speed=36.5x elapsed=0:01:00.12    
[hls @ 0xaaaae2824fb0] Opening '/config/cache/transcodes/9bfd5e741183fcd121689ef9ac7563ea370.mp4' for writing
frame=53473 fps=882 q=-1.0 size=N/A time=00:36:41.49 bitrate=N/A speed=36.3x elapsed=0:01:00.62    
[hls @ 0xaaaae2824fb0] Opening '/config/cache/transcodes/9bfd5e741183fcd121689ef9ac7563ea371.mp4' for writing
[hls @ 0xaaaae2824fb0] Opening '/config/cache/transcodes/9bfd5e741183fcd121689ef9ac7563ea372.mp4' for writing
frame=53717 fps=879 q=-1.0 size=N/A time=00:36:51.71 bitrate=N/A speed=36.2x elapsed=0:01:01.12    
[hls @ 0xaaaae2824fb0] Opening '/config/cache/transcodes/9bfd5e741183fcd121689ef9ac7563ea373.mp4' for writing
frame=53912 fps=875 q=-1.0 size=N/A time=00:37:00.05 bitrate=N/A speed=  36x elapsed=0:01:01.62    
[hls @ 0xaaaae2824fb0] Opening '/config/cache/transcodes/9bfd5e741183fcd121689ef9ac7563ea374.mp4' for writing
[hls @ 0xaaaae2824fb0] Opening '/config/cache/transcodes/9bfd5e741183fcd121689ef9ac7563ea375.mp4' for writing
frame=54135 fps=871 q=-1.0 size=N/A time=00:37:09.03 bitrate=N/A speed=35.9x elapsed=0:01:02.12    
[hls @ 0xaaaae2824fb0] Opening '/config/cache/transcodes/9bfd5e741183fcd121689ef9ac7563ea376.mp4' for writing
frame=54365 fps=868 q=-1.0 size=N/A time=00:37:18.95 bitrate=N/A speed=35.8x elapsed=0:01:02.62    
[hls @ 0xaaaae2824fb0] Opening '/config/cache/transcodes/9bfd5e741183fcd121689ef9ac7563ea377.mp4' for writing
[hls @ 0xaaaae2824fb0] Opening '/config/cache/transcodes/9bfd5e741183fcd121689ef9ac7563ea378.mp4' for writing
frame=54556 fps=864 q=-1.0 size=N/A time=00:37:26.69 bitrate=N/A speed=35.6x elapsed=0:01:03.12    
[hls @ 0xaaaae2824fb0] Opening '/config/cache/transcodes/9bfd5e741183fcd121689ef9ac7563ea379.mp4' for writing
frame=54786 fps=861 q=-1.0 size=N/A time=00:37:36.34 bitrate=N/A speed=35.5x elapsed=0:01:03.62    
[hls @ 0xaaaae2824fb0] Opening '/config/cache/transcodes/9bfd5e741183fcd121689ef9ac7563ea380.mp4' for writing
[hls @ 0xaaaae2824fb0] Opening '/config/cache/transcodes/9bfd5e741183fcd121689ef9ac7563ea381.mp4' for writing
frame=54983 fps=857 q=-1.0 size=N/A time=00:37:44.72 bitrate=N/A speed=35.3x elapsed=0:01:04.12    
[hls @ 0xaaaae2824fb0] Opening '/config/cache/transcodes/9bfd5e741183fcd121689ef9ac7563ea382.mp4' for writing
frame=55249 fps=855 q=-1.0 size=N/A time=00:37:55.56 bitrate=N/A speed=35.2x elapsed=0:01:04.62    
[hls @ 0xaaaae2824fb0] Opening '/config/cache/transcodes/9bfd5e741183fcd121689ef9ac7563ea383.mp4' for writing
[hls @ 0xaaaae2824fb0] Opening '/config/cache/transcodes/9bfd5e741183fcd121689ef9ac7563ea384.mp4' for writing
frame=55476 fps=852 q=-1.0 size=N/A time=00:38:05.28 bitrate=N/A speed=35.1x elapsed=0:01:05.13    
[hls @ 0xaaaae2824fb0] Opening '/config/cache/transcodes/9bfd5e741183fcd121689ef9ac7563ea385.mp4' for writing
frame=55601 fps=847 q=-1.0 size=N/A time=00:38:10.50 bitrate=N/A speed=34.9x elapsed=0:01:05.63    
[hls @ 0xaaaae2824fb0] Opening '/config/cache/transcodes/9bfd5e741183fcd121689ef9ac7563ea386.mp4' for writing
[hls @ 0xaaaae2824fb0] Opening '/config/cache/transcodes/9bfd5e741183fcd121689ef9ac7563ea387.mp4' for writing
frame=55852 fps=845 q=-1.0 size=N/A time=00:38:20.69 bitrate=N/A speed=34.8x elapsed=0:01:06.13    
[hls @ 0xaaaae2824fb0] Opening '/config/cache/transcodes/9bfd5e741183fcd121689ef9ac7563ea388.mp4' for writing
frame=55974 fps=840 q=-1.0 size=N/A time=00:38:26.04 bitrate=N/A speed=34.6x elapsed=0:01:06.63    
[hls @ 0xaaaae2824fb0] Opening '/config/cache/transcodes/9bfd5e741183fcd121689ef9ac7563ea389.mp4' for writing
frame=56226 fps=837 q=-1.0 size=N/A time=00:38:36.41 bitrate=N/A speed=34.5x elapsed=0:01:07.14    
[hls @ 0xaaaae2824fb0] Opening '/config/cache/transcodes/9bfd5e741183fcd121689ef9ac7563ea390.mp4' for writing
[hls @ 0xaaaae2824fb0] Opening '/config/cache/transcodes/9bfd5e741183fcd121689ef9ac7563ea391.mp4' for writing
frame=56473 fps=835 q=-1.0 size=N/A time=00:38:46.72 bitrate=N/A speed=34.4x elapsed=0:01:07.64    
[hls @ 0xaaaae2824fb0] Opening '/config/cache/transcodes/9bfd5e741183fcd121689ef9ac7563ea392.mp4' for writing
[hls @ 0xaaaae2824fb0] Opening '/config/cache/transcodes/9bfd5e741183fcd121689ef9ac7563ea393.mp4' for writing
frame=56775 fps=833 q=-1.0 size=N/A time=00:38:59.28 bitrate=N/A speed=34.3x elapsed=0:01:08.14    
[hls @ 0xaaaae2824fb0] Opening '/config/cache/transcodes/9bfd5e741183fcd121689ef9ac7563ea394.mp4' for writing
[hls @ 0xaaaae2824fb0] Opening '/config/cache/transcodes/9bfd5e741183fcd121689ef9ac7563ea395.mp4' for writing
frame=56990 fps=830 q=-1.0 size=N/A time=00:39:08.43 bitrate=N/A speed=34.2x elapsed=0:01:08.64    
frame=57041 fps=825 q=-1.0 size=N/A time=00:39:10.56 bitrate=N/A speed=  34x elapsed=0:01:09.14    
[hls @ 0xaaaae2824fb0] Opening '/config/cache/transcodes/9bfd5e741183fcd121689ef9ac7563ea396.mp4' for writing
frame=57248 fps=822 q=-1.0 size=N/A time=00:39:19.19 bitrate=N/A speed=33.9x elapsed=0:01:09.64    
[hls @ 0xaaaae2824fb0] Opening '/config/cache/transcodes/9bfd5e741183fcd121689ef9ac7563ea397.mp4' for writing
[hls @ 0xaaaae2824fb0] Opening '/config/cache/transcodes/9bfd5e741183fcd121689ef9ac7563ea398.mp4' for writing
frame=57508 fps=820 q=-1.0 size=N/A time=00:39:29.74 bitrate=N/A speed=33.8x elapsed=0:01:10.14    
[hls @ 0xaaaae2824fb0] Opening '/config/cache/transcodes/9bfd5e741183fcd121689ef9ac7563ea399.mp4' for writing
[hls @ 0xaaaae2824fb0] Opening '/config/cache/transcodes/9bfd5e741183fcd121689ef9ac7563ea400.mp4' for writing
frame=57781 fps=818 q=-1.0 size=N/A time=00:39:41.20 bitrate=N/A speed=33.7x elapsed=0:01:10.64    
[hls @ 0xaaaae2824fb0] Opening '/config/cache/transcodes/9bfd5e741183fcd121689ef9ac7563ea401.mp4' for writing
[hls @ 0xaaaae2824fb0] Opening '/config/cache/transcodes/9bfd5e741183fcd121689ef9ac7563ea402.mp4' for writing
frame=58069 fps=816 q=-1.0 size=N/A time=00:39:53.08 bitrate=N/A speed=33.6x elapsed=0:01:11.14    
[hls @ 0xaaaae2824fb0] Opening '/config/cache/transcodes/9bfd5e741183fcd121689ef9ac7563ea403.mp4' for writing
[hls @ 0xaaaae2824fb0] Opening '/config/cache/transcodes/9bfd5e741183fcd121689ef9ac7563ea404.mp4' for writing
[hls @ 0xaaaae2824fb0] Opening '/config/cache/transcodes/9bfd5e741183fcd121689ef9ac7563ea405.mp4' for writing
frame=58440 fps=816 q=-1.0 size=N/A time=00:40:08.83 bitrate=N/A speed=33.6x elapsed=0:01:11.65    
[hls @ 0xaaaae2824fb0] Opening '/config/cache/transcodes/9bfd5e741183fcd121689ef9ac7563ea406.mp4' for writing
[hls @ 0xaaaae2824fb0] Opening '/config/cache/transcodes/9bfd5e741183fcd121689ef9ac7563ea407.mp4' for writing
[hls @ 0xaaaae2824fb0] Opening '/config/cache/transcodes/9bfd5e741183fcd121689ef9ac7563ea408.mp4' for writing
frame=58876 fps=816 q=-1.0 size=N/A time=00:40:27.09 bitrate=N/A speed=33.6x elapsed=0:01:12.15    
[hls @ 0xaaaae2824fb0] Opening '/config/cache/transcodes/9bfd5e741183fcd121689ef9ac7563ea409.mp4' for writing
[hls @ 0xaaaae2824fb0] Opening '/config/cache/transcodes/9bfd5e741183fcd121689ef9ac7563ea410.mp4' for writing
frame=59219 fps=815 q=-1.0 size=N/A time=00:40:41.21 bitrate=N/A speed=33.6x elapsed=0:01:12.65    
[hls @ 0xaaaae2824fb0] Opening '/config/cache/transcodes/9bfd5e741183fcd121689ef9ac7563ea411.mp4' for writing
[hls @ 0xaaaae2824fb0] Opening '/config/cache/transcodes/9bfd5e741183fcd121689ef9ac7563ea412.mp4' for writing
[hls @ 0xaaaae2824fb0] Opening '/config/cache/transcodes/9bfd5e741183fcd121689ef9ac7563ea413.mp4' for writing
frame=59713 fps=816 q=-1.0 size=N/A time=00:41:01.69 bitrate=N/A speed=33.7x elapsed=0:01:13.15    
[hls @ 0xaaaae2824fb0] Opening '/config/cache/transcodes/9bfd5e741183fcd121689ef9ac7563ea414.mp4' for writing
[hls @ 0xaaaae2824fb0] Opening '/config/cache/transcodes/9bfd5e741183fcd121689ef9ac7563ea415.mp4' for writing
[hls @ 0xaaaae2824fb0] Opening '/config/cache/transcodes/9bfd5e741183fcd121689ef9ac7563ea416.mp4' for writing
frame=60097 fps=816 q=-1.0 size=N/A time=00:41:17.84 bitrate=N/A speed=33.6x elapsed=0:01:13.65    
[hls @ 0xaaaae2824fb0] Opening '/config/cache/transcodes/9bfd5e741183fcd121689ef9ac7563ea417.mp4' for writing
[hls @ 0xaaaae2824fb0] Opening '/config/cache/transcodes/9bfd5e741183fcd121689ef9ac7563ea418.mp4' for writing
[hls @ 0xaaaae2824fb0] Opening '/config/cache/transcodes/9bfd5e741183fcd121689ef9ac7563ea419.mp4' for writing
frame=60457 fps=815 q=-1.0 size=N/A time=00:41:32.69 bitrate=N/A speed=33.6x elapsed=0:01:14.15    
[hls @ 0xaaaae2824fb0] Opening '/config/cache/transcodes/9bfd5e741183fcd121689ef9ac7563ea420.mp4' for writing
frame=60630 fps=812 q=-1.0 size=N/A time=00:41:40.25 bitrate=N/A speed=33.5x elapsed=0:01:14.65    
[hls @ 0xaaaae2824fb0] Opening '/config/cache/transcodes/9bfd5e741183fcd121689ef9ac7563ea421.mp4' for writing
[hls @ 0xaaaae2824fb0] Opening '/config/cache/transcodes/9bfd5e741183fcd121689ef9ac7563ea422.mp4' for writing
frame=60970 fps=811 q=-1.0 size=N/A time=00:41:54.43 bitrate=N/A speed=33.5x elapsed=0:01:15.15    
[hls @ 0xaaaae2824fb0] Opening '/config/cache/transcodes/9bfd5e741183fcd121689ef9ac7563ea423.mp4' for writing
[hls @ 0xaaaae2824fb0] Opening '/config/cache/transcodes/9bfd5e741183fcd121689ef9ac7563ea424.mp4' for writing
frame=61231 fps=809 q=-1.0 size=N/A time=00:42:05.16 bitrate=N/A speed=33.4x elapsed=0:01:15.65    
[hls @ 0xaaaae2824fb0] Opening '/config/cache/transcodes/9bfd5e741183fcd121689ef9ac7563ea425.mp4' for writing
[hls @ 0xaaaae2824fb0] Opening '/config/cache/transcodes/9bfd5e741183fcd121689ef9ac7563ea426.mp4' for writing
frame=61584 fps=809 q=-1.0 size=N/A time=00:42:20.09 bitrate=N/A speed=33.4x elapsed=0:01:16.15    
[hls @ 0xaaaae2824fb0] Opening '/config/cache/transcodes/9bfd5e741183fcd121689ef9ac7563ea427.mp4' for writing
[hls @ 0xaaaae2824fb0] Opening '/config/cache/transcodes/9bfd5e741183fcd121689ef9ac7563ea428.mp4' for writing
frame=61733 fps=805 q=-1.0 size=N/A time=00:42:26.19 bitrate=N/A speed=33.2x elapsed=0:01:16.65    
[hls @ 0xaaaae2824fb0] Opening '/config/cache/transcodes/9bfd5e741183fcd121689ef9ac7563ea429.mp4' for writing
frame=61877 fps=802 q=-1.0 size=N/A time=00:42:32.21 bitrate=N/A speed=33.1x elapsed=0:01:17.15    
frame=61877 fps=797 q=-1.0 size=N/A time=00:42:32.21 bitrate=N/A speed=32.9x elapsed=0:01:17.65    
[hls @ 0xaaaae2824fb0] Opening '/config/cache/transcodes/9bfd5e741183fcd121689ef9ac7563ea430.mp4' for writing
frame=62140 fps=795 q=-1.0 size=N/A time=00:42:43.15 bitrate=N/A speed=32.8x elapsed=0:01:18.15    
[hls @ 0xaaaae2824fb0] Opening '/config/cache/transcodes/9bfd5e741183fcd121689ef9ac7563ea431.mp4' for writing
[hls @ 0xaaaae2824fb0] Opening '/config/cache/transcodes/9bfd5e741183fcd121689ef9ac7563ea432.mp4' for writing
frame=62309 fps=792 q=-1.0 size=N/A time=00:42:50.24 bitrate=N/A speed=32.7x elapsed=0:01:18.65    
[hls @ 0xaaaae2824fb0] Opening '/config/cache/transcodes/9bfd5e741183fcd121689ef9ac7563ea433.mp4' for writing
frame=62455 fps=789 q=-1.0 size=N/A time=00:42:56.27 bitrate=N/A speed=32.5x elapsed=0:01:19.15    
[hls @ 0xaaaae2824fb0] Opening '/config/cache/transcodes/9bfd5e741183fcd121689ef9ac7563ea434.mp4' for writing
frame=62597 fps=786 q=-1.0 size=N/A time=00:43:02.25 bitrate=N/A speed=32.4x elapsed=0:01:19.65    
[hls @ 0xaaaae2824fb0] Opening '/config/cache/transcodes/9bfd5e741183fcd121689ef9ac7563ea435.mp4' for writing
frame=62737 fps=783 q=-1.0 size=N/A time=00:43:08.13 bitrate=N/A speed=32.3x elapsed=0:01:20.15    
frame=62885 fps=780 q=-1.0 size=N/A time=00:43:14.19 bitrate=N/A speed=32.2x elapsed=0:01:20.65    
[hls @ 0xaaaae2824fb0] Opening '/config/cache/transcodes/9bfd5e741183fcd121689ef9ac7563ea436.mp4' for writing
frame=62885 fps=775 q=-1.0 size=N/A time=00:43:14.30 bitrate=N/A speed=  32x elapsed=0:01:21.15    
[hls @ 0xaaaae2824fb0] Opening '/config/cache/transcodes/9bfd5e741183fcd121689ef9ac7563ea437.mp4' for writing
frame=63029 fps=772 q=-1.0 size=N/A time=00:43:20.29 bitrate=N/A speed=31.8x elapsed=0:01:21.66    
[hls @ 0xaaaae2824fb0] Opening '/config/cache/transcodes/9bfd5e741183fcd121689ef9ac7563ea438.mp4' for writing
frame=63174 fps=769 q=-1.0 size=N/A time=00:43:26.25 bitrate=N/A speed=31.7x elapsed=0:01:22.16    
[hls @ 0xaaaae2824fb0] Opening '/config/cache/transcodes/9bfd5e741183fcd121689ef9ac7563ea439.mp4' for writing
frame=63317 fps=766 q=-1.0 size=N/A time=00:43:32.24 bitrate=N/A speed=31.6x elapsed=0:01:22.66    
[hls @ 0xaaaae2824fb0] Opening '/config/cache/transcodes/9bfd5e741183fcd121689ef9ac7563ea440.mp4' for writing
frame=63461 fps=763 q=-1.0 size=N/A time=00:43:38.30 bitrate=N/A speed=31.5x elapsed=0:01:23.16    
[hls @ 0xaaaae2824fb0] Opening '/config/cache/transcodes/9bfd5e741183fcd121689ef9ac7563ea441.mp4' for writing
frame=63607 fps=760 q=-1.0 size=N/A time=00:43:44.29 bitrate=N/A speed=31.4x elapsed=0:01:23.66    
[hls @ 0xaaaae2824fb0] Opening '/config/cache/transcodes/9bfd5e741183fcd121689ef9ac7563ea442.mp4' for writing
frame=63751 fps=757 q=-1.0 size=N/A time=00:43:50.33 bitrate=N/A speed=31.3x elapsed=0:01:24.16    
frame=63754 fps=753 q=-1.0 size=N/A time=00:43:50.50 bitrate=N/A speed=31.1x elapsed=0:01:24.66    
[hls @ 0xaaaae2824fb0] Opening '/config/cache/transcodes/9bfd5e741183fcd121689ef9ac7563ea443.mp4' for writing
frame=63893 fps=750 q=-1.0 size=N/A time=00:43:56.26 bitrate=N/A speed=  31x elapsed=0:01:25.16    
[hls @ 0xaaaae2824fb0] Opening '/config/cache/transcodes/9bfd5e741183fcd121689ef9ac7563ea444.mp4' for writing
frame=64038 fps=748 q=-1.0 size=N/A time=00:44:02.28 bitrate=N/A speed=30.8x elapsed=0:01:25.66    
[hls @ 0xaaaae2824fb0] Opening '/config/cache/transcodes/9bfd5e741183fcd121689ef9ac7563ea445.mp4' for writing
frame=64177 fps=745 q=-1.0 size=N/A time=00:44:08.29 bitrate=N/A speed=30.7x elapsed=0:01:26.16    
[hls @ 0xaaaae2824fb0] Opening '/config/cache/transcodes/9bfd5e741183fcd121689ef9ac7563ea446.mp4' for writing
frame=64327 fps=742 q=-1.0 size=N/A time=00:44:14.29 bitrate=N/A speed=30.6x elapsed=0:01:26.66    
[hls @ 0xaaaae2824fb0] Opening '/config/cache/transcodes/9bfd5e741183fcd121689ef9ac7563ea447.mp4' for writing
frame=64469 fps=740 q=-1.0 size=N/A time=00:44:20.35 bitrate=N/A speed=30.5x elapsed=0:01:27.16    
frame=64477 fps=736 q=-1.0 size=N/A time=00:44:20.52 bitrate=N/A speed=30.3x elapsed=0:01:27.66    
[hls @ 0xaaaae2824fb0] Opening '/config/cache/transcodes/9bfd5e741183fcd121689ef9ac7563ea448.mp4' for writing
frame=64612 fps=733 q=-1.0 size=N/A time=00:44:26.33 bitrate=N/A speed=30.2x elapsed=0:01:28.16    
[hls @ 0xaaaae2824fb0] Opening '/config/cache/transcodes/9bfd5e741183fcd121689ef9ac7563ea449.mp4' for writing
frame=64759 fps=730 q=-1.0 size=N/A time=00:44:32.32 bitrate=N/A speed=30.1x elapsed=0:01:28.66    
[hls @ 0xaaaae2824fb0] Opening '/config/cache/transcodes/9bfd5e741183fcd121689ef9ac7563ea450.mp4' for writing
[hls @ 0xaaaae2824fb0] Opening '/config/cache/transcodes/9bfd5e741183fcd121689ef9ac7563ea451.mp4' for writing
frame=65095 fps=730 q=-1.0 size=N/A time=00:44:46.48 bitrate=N/A speed=30.1x elapsed=0:01:29.16    
[hls @ 0xaaaae2824fb0] Opening '/config/cache/transcodes/9bfd5e741183fcd121689ef9ac7563ea452.mp4' for writing
[hls @ 0xaaaae2824fb0] Opening '/config/cache/transcodes/9bfd5e741183fcd121689ef9ac7563ea453.mp4' for writing
frame=65377 fps=729 q=-1.0 size=N/A time=00:44:58.02 bitrate=N/A speed=30.1x elapsed=0:01:29.66    
[hls @ 0xaaaae2824fb0] Opening '/config/cache/transcodes/9bfd5e741183fcd121689ef9ac7563ea454.mp4' for writing
[hls @ 0xaaaae2824fb0] Opening '/config/cache/transcodes/9bfd5e741183fcd121689ef9ac7563ea455.mp4' for writing
frame=65752 fps=729 q=-1.0 size=N/A time=00:45:13.60 bitrate=N/A speed=30.1x elapsed=0:01:30.16    
[hls @ 0xaaaae2824fb0] Opening '/config/cache/transcodes/9bfd5e741183fcd121689ef9ac7563ea456.mp4' for writing
[hls @ 0xaaaae2824fb0] Opening '/config/cache/transcodes/9bfd5e741183fcd121689ef9ac7563ea457.mp4' for writing
[hls @ 0xaaaae2824fb0] Opening '/config/cache/transcodes/9bfd5e741183fcd121689ef9ac7563ea458.mp4' for writing
frame=66055 fps=729 q=-1.0 size=N/A time=00:45:26.40 bitrate=N/A speed=30.1x elapsed=0:01:30.66    
[hls @ 0xaaaae2824fb0] Opening '/config/cache/transcodes/9bfd5e741183fcd121689ef9ac7563ea459.mp4' for writing
[hls @ 0xaaaae2824fb0] Opening '/config/cache/transcodes/9bfd5e741183fcd121689ef9ac7563ea460.mp4' for writing
frame=66341 fps=728 q=-1.0 size=N/A time=00:45:38.41 bitrate=N/A speed=  30x elapsed=0:01:31.16    
[hls @ 0xaaaae2824fb0] Opening '/config/cache/transcodes/9bfd5e741183fcd121689ef9ac7563ea461.mp4' for writing
[hls @ 0xaaaae2824fb0] Opening '/config/cache/transcodes/9bfd5e741183fcd121689ef9ac7563ea462.mp4' for writing
frame=66631 fps=727 q=-1.0 size=N/A time=00:45:50.37 bitrate=N/A speed=  30x elapsed=0:01:31.66    
[hls @ 0xaaaae2824fb0] Opening '/config/cache/transcodes/9bfd5e741183fcd121689ef9ac7563ea463.mp4' for writing
[hls @ 0xaaaae2824fb0] Opening '/config/cache/transcodes/9bfd5e741183fcd121689ef9ac7563ea464.mp4' for writing
frame=66917 fps=726 q=-1.0 size=N/A time=00:46:02.38 bitrate=N/A speed=  30x elapsed=0:01:32.16    
[hls @ 0xaaaae2824fb0] Opening '/config/cache/transcodes/9bfd5e741183fcd121689ef9ac7563ea465.mp4' for writing
frame=67061 fps=724 q=-1.0 size=N/A time=00:46:08.42 bitrate=N/A speed=29.9x elapsed=0:01:32.66    
[hls @ 0xaaaae2824fb0] Opening '/config/cache/transcodes/9bfd5e741183fcd121689ef9ac7563ea466.mp4' for writing
[hls @ 0xaaaae2824fb0] Opening '/config/cache/transcodes/9bfd5e741183fcd121689ef9ac7563ea467.mp4' for writing
frame=67349 fps=723 q=-1.0 size=N/A time=00:46:20.48 bitrate=N/A speed=29.8x elapsed=0:01:33.16    
[hls @ 0xaaaae2824fb0] Opening '/config/cache/transcodes/9bfd5e741183fcd121689ef9ac7563ea468.mp4' for writing
frame=67489 fps=721 q=-1.0 size=N/A time=00:46:26.38 bitrate=N/A speed=29.7x elapsed=0:01:33.66    
[hls @ 0xaaaae2824fb0] Opening '/config/cache/transcodes/9bfd5e741183fcd121689ef9ac7563ea469.mp4' for writing
[hls @ 0xaaaae2824fb0] Opening '/config/cache/transcodes/9bfd5e741183fcd121689ef9ac7563ea470.mp4' for writing
frame=67783 fps=720 q=-1.0 size=N/A time=00:46:38.46 bitrate=N/A speed=29.7x elapsed=0:01:34.16    
[hls @ 0xaaaae2824fb0] Opening '/config/cache/transcodes/9bfd5e741183fcd121689ef9ac7563ea471.mp4' for writing
frame=68011 fps=718 q=-1.0 size=N/A time=00:46:47.78 bitrate=N/A speed=29.7x elapsed=0:01:34.66    
[hls @ 0xaaaae2824fb0] Opening '/config/cache/transcodes/9bfd5e741183fcd121689ef9ac7563ea472.mp4' for writing
[hls @ 0xaaaae2824fb0] Opening '/config/cache/transcodes/9bfd5e741183fcd121689ef9ac7563ea473.mp4' for writing
[hls @ 0xaaaae2824fb0] Opening '/config/cache/transcodes/9bfd5e741183fcd121689ef9ac7563ea474.mp4' for writing
frame=68497 fps=720 q=-1.0 size=N/A time=00:47:08.09 bitrate=N/A speed=29.7x elapsed=0:01:35.17    
[hls @ 0xaaaae2824fb0] Opening '/config/cache/transcodes/9bfd5e741183fcd121689ef9ac7563ea475.mp4' for writing
[hls @ 0xaaaae2824fb0] Opening '/config/cache/transcodes/9bfd5e741183fcd121689ef9ac7563ea476.mp4' for writing
[hls @ 0xaaaae2824fb0] Opening '/config/cache/transcodes/9bfd5e741183fcd121689ef9ac7563ea477.mp4' for writing
[hls @ 0xaaaae2824fb0] Opening '/config/cache/transcodes/9bfd5e741183fcd121689ef9ac7563ea478.mp4' for writing
frame=69016 fps=721 q=-1.0 size=N/A time=00:47:29.92 bitrate=N/A speed=29.8x elapsed=0:01:35.67    
[hls @ 0xaaaae2824fb0] Opening '/config/cache/transcodes/9bfd5e741183fcd121689ef9ac7563ea479.mp4' for writing
[hls @ 0xaaaae2824fb0] Opening '/config/cache/transcodes/9bfd5e741183fcd121689ef9ac7563ea480.mp4' for writing
[hls @ 0xaaaae2824fb0] Opening '/config/cache/transcodes/9bfd5e741183fcd121689ef9ac7563ea481.mp4' for writing
[hls @ 0xaaaae2824fb0] Opening '/config/cache/transcodes/9bfd5e741183fcd121689ef9ac7563ea482.mp4' for writing
[hls @ 0xaaaae2824fb0] Opening '/config/cache/transcodes/9bfd5e741183fcd121689ef9ac7563ea483.mp4' for writing
frame=69660 fps=724 q=-1.0 size=N/A time=00:47:56.62 bitrate=N/A speed=29.9x elapsed=0:01:36.17    
[hls @ 0xaaaae2824fb0] Opening '/config/cache/transcodes/9bfd5e741183fcd121689ef9ac7563ea484.mp4' for writing
[hls @ 0xaaaae2824fb0] Opening '/config/cache/transcodes/9bfd5e741183fcd121689ef9ac7563ea485.mp4' for writing
[hls @ 0xaaaae2824fb0] Opening '/config/cache/transcodes/9bfd5e741183fcd121689ef9ac7563ea486.mp4' for writing
[hls @ 0xaaaae2824fb0] Opening '/config/cache/transcodes/9bfd5e741183fcd121689ef9ac7563ea487.mp4' for writing
[hls @ 0xaaaae2824fb0] Opening '/config/cache/transcodes/9bfd5e741183fcd121689ef9ac7563ea488.mp4' for writing
frame=70495 fps=729 q=-1.0 size=N/A time=00:48:31.61 bitrate=N/A speed=30.1x elapsed=0:01:36.67    
[hls @ 0xaaaae2824fb0] Opening '/config/cache/transcodes/9bfd5e741183fcd121689ef9ac7563ea489.mp4' for writing
[hls @ 0xaaaae2824fb0] Opening '/config/cache/transcodes/9bfd5e741183fcd121689ef9ac7563ea490.mp4' for writing
[hls @ 0xaaaae2824fb0] Opening '/config/cache/transcodes/9bfd5e741183fcd121689ef9ac7563ea491.mp4' for writing
[hls @ 0xaaaae2824fb0] Opening '/config/cache/transcodes/9bfd5e741183fcd121689ef9ac7563ea492.mp4' for writing
[hls @ 0xaaaae2824fb0] Opening '/config/cache/transcodes/9bfd5e741183fcd121689ef9ac7563ea493.mp4' for writing
[hls @ 0xaaaae2824fb0] Opening '/config/cache/transcodes/9bfd5e741183fcd121689ef9ac7563ea494.mp4' for writing
frame=71321 fps=734 q=-1.0 size=N/A time=00:49:05.89 bitrate=N/A speed=30.3x elapsed=0:01:37.17    
[hls @ 0xaaaae2824fb0] Opening '/config/cache/transcodes/9bfd5e741183fcd121689ef9ac7563ea495.mp4' for writing
[hls @ 0xaaaae2824fb0] Opening '/config/cache/transcodes/9bfd5e741183fcd121689ef9ac7563ea496.mp4' for writing
[hls @ 0xaaaae2824fb0] Opening '/config/cache/transcodes/9bfd5e741183fcd121689ef9ac7563ea497.mp4' for writing
[hls @ 0xaaaae2824fb0] Opening '/config/cache/transcodes/9bfd5e741183fcd121689ef9ac7563ea498.mp4' for writing
[hls @ 0xaaaae2824fb0] Opening '/config/cache/transcodes/9bfd5e741183fcd121689ef9ac7563ea499.mp4' for writing
[hls @ 0xaaaae2824fb0] Opening '/config/cache/transcodes/9bfd5e741183fcd121689ef9ac7563ea500.mp4' for writing
frame=72160 fps=739 q=-1.0 size=N/A time=00:49:41.14 bitrate=N/A speed=30.5x elapsed=0:01:37.68    
[hls @ 0xaaaae2824fb0] Opening '/config/cache/transcodes/9bfd5e741183fcd121689ef9ac7563ea501.mp4' for writing
[hls @ 0xaaaae2824fb0] Opening '/config/cache/transcodes/9bfd5e741183fcd121689ef9ac7563ea502.mp4' for writing
[hls @ 0xaaaae2824fb0] Opening '/config/cache/transcodes/9bfd5e741183fcd121689ef9ac7563ea503.mp4' for writing
[hls @ 0xaaaae2824fb0] Opening '/config/cache/transcodes/9bfd5e741183fcd121689ef9ac7563ea504.mp4' for writing
[hls @ 0xaaaae2824fb0] Opening '/config/cache/transcodes/9bfd5e741183fcd121689ef9ac7563ea505.mp4' for writing
[hls @ 0xaaaae2824fb0] Opening '/config/cache/transcodes/9bfd5e741183fcd121689ef9ac7563ea506.mp4' for writing
frame=72996 fps=743 q=-1.0 size=N/A time=00:50:15.72 bitrate=N/A speed=30.7x elapsed=0:01:38.19    
[hls @ 0xaaaae2824fb0] Opening '/config/cache/transcodes/9bfd5e741183fcd121689ef9ac7563ea507.mp4' for writing
[hls @ 0xaaaae2824fb0] Opening '/config/cache/transcodes/9bfd5e741183fcd121689ef9ac7563ea508.mp4' for writing
[hls @ 0xaaaae2824fb0] Opening '/config/cache/transcodes/9bfd5e741183fcd121689ef9ac7563ea509.mp4' for writing
[hls @ 0xaaaae2824fb0] Opening '/config/cache/transcodes/9bfd5e741183fcd121689ef9ac7563ea510.mp4' for writing
[hls @ 0xaaaae2824fb0] Opening '/config/cache/transcodes/9bfd5e741183fcd121689ef9ac7563ea511.mp4' for writing
[hls @ 0xaaaae2824fb0] Opening '/config/cache/transcodes/9bfd5e741183fcd121689ef9ac7563ea512.mp4' for writing
frame=73860 fps=748 q=-1.0 size=N/A time=00:50:51.96 bitrate=N/A speed=30.9x elapsed=0:01:38.69    
[hls @ 0xaaaae2824fb0] Opening '/config/cache/transcodes/9bfd5e741183fcd121689ef9ac7563ea513.mp4' for writing
[hls @ 0xaaaae2824fb0] Opening '/config/cache/transcodes/9bfd5e741183fcd121689ef9ac7563ea514.mp4' for writing
[hls @ 0xaaaae2824fb0] Opening '/config/cache/transcodes/9bfd5e741183fcd121689ef9ac7563ea515.mp4' for writing
[hls @ 0xaaaae2824fb0] Opening '/config/cache/transcodes/9bfd5e741183fcd121689ef9ac7563ea516.mp4' for writing
[hls @ 0xaaaae2824fb0] Opening '/config/cache/transcodes/9bfd5e741183fcd121689ef9ac7563ea517.mp4' for writing
[hls @ 0xaaaae2824fb0] Opening '/config/cache/transcodes/9bfd5e741183fcd121689ef9ac7563ea518.mp4' for writing
frame=74712 fps=753 q=-1.0 size=N/A time=00:51:27.38 bitrate=N/A speed=31.1x elapsed=0:01:39.19    
[hls @ 0xaaaae2824fb0] Opening '/config/cache/transcodes/9bfd5e741183fcd121689ef9ac7563ea519.mp4' for writing
[hls @ 0xaaaae2824fb0] Opening '/config/cache/transcodes/9bfd5e741183fcd121689ef9ac7563ea520.mp4' for writing
[hls @ 0xaaaae2824fb0] Opening '/config/cache/transcodes/9bfd5e741183fcd121689ef9ac7563ea521.mp4' for writing
[hls @ 0xaaaae2824fb0] Opening '/config/cache/transcodes/9bfd5e741183fcd121689ef9ac7563ea522.mp4' for writing
[hls @ 0xaaaae2824fb0] Opening '/config/cache/transcodes/9bfd5e741183fcd121689ef9ac7563ea523.mp4' for writing
frame=75533 fps=758 q=-1.0 size=N/A time=00:52:01.62 bitrate=N/A speed=31.3x elapsed=0:01:39.69    
[hls @ 0xaaaae2824fb0] Opening '/config/cache/transcodes/9bfd5e741183fcd121689ef9ac7563ea524.mp4' for writing
[hls @ 0xaaaae2824fb0] Opening '/config/cache/transcodes/9bfd5e741183fcd121689ef9ac7563ea525.mp4' for writing
[hls @ 0xaaaae2824fb0] Opening '/config/cache/transcodes/9bfd5e741183fcd121689ef9ac7563ea526.mp4' for writing
[hls @ 0xaaaae2824fb0] Opening '/config/cache/transcodes/9bfd5e741183fcd121689ef9ac7563ea527.mp4' for writing
[hls @ 0xaaaae2824fb0] Opening '/config/cache/transcodes/9bfd5e741183fcd121689ef9ac7563ea528.mp4' for writing
[hls @ 0xaaaae2824fb0] Opening '/config/cache/transcodes/9bfd5e741183fcd121689ef9ac7563ea529.mp4' for writing
frame=76321 fps=762 q=-1.0 size=N/A time=00:52:34.32 bitrate=N/A speed=31.5x elapsed=0:01:40.19    
[hls @ 0xaaaae2824fb0] Opening '/config/cache/transcodes/9bfd5e741183fcd121689ef9ac7563ea530.mp4' for writing
[hls @ 0xaaaae2824fb0] Opening '/config/cache/transcodes/9bfd5e741183fcd121689ef9ac7563ea531.mp4' for writing
[hls @ 0xaaaae2824fb0] Opening '/config/cache/transcodes/9bfd5e741183fcd121689ef9ac7563ea532.mp4' for writing
[hls @ 0xaaaae2824fb0] Opening '/config/cache/transcodes/9bfd5e741183fcd121689ef9ac7563ea533.mp4' for writing
[hls @ 0xaaaae2824fb0] Opening '/config/cache/transcodes/9bfd5e741183fcd121689ef9ac7563ea534.mp4' for writing
frame=77101 fps=766 q=-1.0 size=N/A time=00:53:06.96 bitrate=N/A speed=31.6x elapsed=0:01:40.69    
[hls @ 0xaaaae2824fb0] Opening '/config/cache/transcodes/9bfd5e741183fcd121689ef9ac7563ea535.mp4' for writing
[hls @ 0xaaaae2824fb0] Opening '/config/cache/transcodes/9bfd5e741183fcd121689ef9ac7563ea536.mp4' for writing
[hls @ 0xaaaae2824fb0] Opening '/config/cache/transcodes/9bfd5e741183fcd121689ef9ac7563ea537.mp4' for writing
[hls @ 0xaaaae2824fb0] Opening '/config/cache/transcodes/9bfd5e741183fcd121689ef9ac7563ea538.mp4' for writing
frame=77650 fps=767 q=-1.0 size=N/A time=00:53:29.74 bitrate=N/A speed=31.7x elapsed=0:01:41.19    
[hls @ 0xaaaae2824fb0] Opening '/config/cache/transcodes/9bfd5e741183fcd121689ef9ac7563ea539.mp4' for writing
[hls @ 0xaaaae2824fb0] Opening '/config/cache/transcodes/9bfd5e741183fcd121689ef9ac7563ea540.mp4' for writing
[hls @ 0xaaaae2824fb0] Opening '/config/cache/transcodes/9bfd5e741183fcd121689ef9ac7563ea541.mp4' for writing
[hls @ 0xaaaae2824fb0] Opening '/config/cache/transcodes/9bfd5e741183fcd121689ef9ac7563ea542.mp4' for writing
[hls @ 0xaaaae2824fb0] Opening '/config/cache/transcodes/9bfd5e741183fcd121689ef9ac7563ea543.mp4' for writing
frame=78353 fps=770 q=-1.0 size=N/A time=00:53:59.38 bitrate=N/A speed=31.9x elapsed=0:01:41.69    
[hls @ 0xaaaae2824fb0] Opening '/config/cache/transcodes/9bfd5e741183fcd121689ef9ac7563ea544.mp4' for writing
[hls @ 0xaaaae2824fb0] Opening '/config/cache/transcodes/9bfd5e741183fcd121689ef9ac7563ea545.mp4' for writing
[hls @ 0xaaaae2824fb0] Opening '/config/cache/transcodes/9bfd5e741183fcd121689ef9ac7563ea546.mp4' for writing
[hls @ 0xaaaae2824fb0] Opening '/config/cache/transcodes/9bfd5e741183fcd121689ef9ac7563ea547.mp4' for writing
[hls @ 0xaaaae2824fb0] Opening '/config/cache/transcodes/9bfd5e741183fcd121689ef9ac7563ea548.mp4' for writing
frame=79067 fps=774 q=-1.0 size=N/A time=00:54:29.14 bitrate=N/A speed=  32x elapsed=0:01:42.20    
[hls @ 0xaaaae2824fb0] Opening '/config/cache/transcodes/9bfd5e741183fcd121689ef9ac7563ea549.mp4' for writing
[hls @ 0xaaaae2824fb0] Opening '/config/cache/transcodes/9bfd5e741183fcd121689ef9ac7563ea550.mp4' for writing
[hls @ 0xaaaae2824fb0] Opening '/config/cache/transcodes/9bfd5e741183fcd121689ef9ac7563ea551.mp4' for writing
[hls @ 0xaaaae2824fb0] Opening '/config/cache/transcodes/9bfd5e741183fcd121689ef9ac7563ea552.mp4' for writing
[hls @ 0xaaaae2824fb0] Opening '/config/cache/transcodes/9bfd5e741183fcd121689ef9ac7563ea553.mp4' for writing
frame=79794 fps=777 q=-1.0 size=N/A time=00:54:59.28 bitrate=N/A speed=32.1x elapsed=0:01:42.70    
[hls @ 0xaaaae2824fb0] Opening '/config/cache/transcodes/9bfd5e741183fcd121689ef9ac7563ea554.mp4' for writing
[hls @ 0xaaaae2824fb0] Opening '/config/cache/transcodes/9bfd5e741183fcd121689ef9ac7563ea555.mp4' for writing
[hls @ 0xaaaae2824fb0] Opening '/config/cache/transcodes/9bfd5e741183fcd121689ef9ac7563ea556.mp4' for writing
[hls @ 0xaaaae2824fb0] Opening '/config/cache/transcodes/9bfd5e741183fcd121689ef9ac7563ea557.mp4' for writing
frame=80357 fps=779 q=-1.0 size=N/A time=00:55:22.88 bitrate=N/A speed=32.2x elapsed=0:01:43.20    
[hls @ 0xaaaae2824fb0] Opening '/config/cache/transcodes/9bfd5e741183fcd121689ef9ac7563ea558.mp4' for writing
[hls @ 0xaaaae2824fb0] Opening '/config/cache/transcodes/9bfd5e741183fcd121689ef9ac7563ea559.mp4' for writing
[hls @ 0xaaaae2824fb0] Opening '/config/cache/transcodes/9bfd5e741183fcd121689ef9ac7563ea560.mp4' for writing
frame=80812 fps=779 q=-1.0 size=N/A time=00:55:41.84 bitrate=N/A speed=32.2x elapsed=0:01:43.70    
[hls @ 0xaaaae2824fb0] Opening '/config/cache/transcodes/9bfd5e741183fcd121689ef9ac7563ea561.mp4' for writing
[hls @ 0xaaaae2824fb0] Opening '/config/cache/transcodes/9bfd5e741183fcd121689ef9ac7563ea562.mp4' for writing
[hls @ 0xaaaae2824fb0] Opening '/config/cache/transcodes/9bfd5e741183fcd121689ef9ac7563ea563.mp4' for writing
[hls @ 0xaaaae2824fb0] Opening '/config/cache/transcodes/9bfd5e741183fcd121689ef9ac7563ea564.mp4' for writing
[hls @ 0xaaaae2824fb0] Opening '/config/cache/transcodes/9bfd5e741183fcd121689ef9ac7563ea565.mp4' for writing
frame=81571 fps=783 q=-1.0 size=N/A time=00:56:13.39 bitrate=N/A speed=32.4x elapsed=0:01:44.20    
[hls @ 0xaaaae2824fb0] Opening '/config/cache/transcodes/9bfd5e741183fcd121689ef9ac7563ea566.mp4' for writing
[hls @ 0xaaaae2824fb0] Opening '/config/cache/transcodes/9bfd5e741183fcd121689ef9ac7563ea567.mp4' for writing
[hls @ 0xaaaae2824fb0] Opening '/config/cache/transcodes/9bfd5e741183fcd121689ef9ac7563ea568.mp4' for writing
[hls @ 0xaaaae2824fb0] Opening '/config/cache/transcodes/9bfd5e741183fcd121689ef9ac7563ea569.mp4' for writing
[hls @ 0xaaaae2824fb0] Opening '/config/cache/transcodes/9bfd5e741183fcd121689ef9ac7563ea570.mp4' for writing
frame=82249 fps=786 q=-1.0 size=N/A time=00:56:41.77 bitrate=N/A speed=32.5x elapsed=0:01:44.70    
[hls @ 0xaaaae2824fb0] Opening '/config/cache/transcodes/9bfd5e741183fcd121689ef9ac7563ea571.mp4' for writing
[hls @ 0xaaaae2824fb0] Opening '/config/cache/transcodes/9bfd5e741183fcd121689ef9ac7563ea572.mp4' for writing
[hls @ 0xaaaae2824fb0] Opening '/config/cache/transcodes/9bfd5e741183fcd121689ef9ac7563ea573.mp4' for writing
[hls @ 0xaaaae2824fb0] Opening '/config/cache/transcodes/9bfd5e741183fcd121689ef9ac7563ea574.mp4' for writing
[hls @ 0xaaaae2824fb0] Opening '/config/cache/transcodes/9bfd5e741183fcd121689ef9ac7563ea575.mp4' for writing
frame=83014 fps=789 q=-1.0 size=N/A time=00:57:13.64 bitrate=N/A speed=32.6x elapsed=0:01:45.20    
[hls @ 0xaaaae2824fb0] Opening '/config/cache/transcodes/9bfd5e741183fcd121689ef9ac7563ea576.mp4' for writing
[hls @ 0xaaaae2824fb0] Opening '/config/cache/transcodes/9bfd5e741183fcd121689ef9ac7563ea577.mp4' for writing
[hls @ 0xaaaae2824fb0] Opening '/config/cache/transcodes/9bfd5e741183fcd121689ef9ac7563ea578.mp4' for writing
[hls @ 0xaaaae2824fb0] Opening '/config/cache/transcodes/9bfd5e741183fcd121689ef9ac7563ea579.mp4' for writing
[hls @ 0xaaaae2824fb0] Opening '/config/cache/transcodes/9bfd5e741183fcd121689ef9ac7563ea580.mp4' for writing
frame=83647 fps=791 q=-1.0 size=N/A time=00:57:40.07 bitrate=N/A speed=32.7x elapsed=0:01:45.70    
[hls @ 0xaaaae2824fb0] Opening '/config/cache/transcodes/9bfd5e741183fcd121689ef9ac7563ea581.mp4' for writing
[hls @ 0xaaaae2824fb0] Opening '/config/cache/transcodes/9bfd5e741183fcd121689ef9ac7563ea582.mp4' for writing
[hls @ 0xaaaae2824fb0] Opening '/config/cache/transcodes/9bfd5e741183fcd121689ef9ac7563ea583.mp4' for writing
[hls @ 0xaaaae2824fb0] Opening '/config/cache/transcodes/9bfd5e741183fcd121689ef9ac7563ea584.mp4' for writing
frame=84257 fps=793 q=-1.0 size=N/A time=00:58:05.50 bitrate=N/A speed=32.8x elapsed=0:01:46.20    
[hls @ 0xaaaae2824fb0] Opening '/config/cache/transcodes/9bfd5e741183fcd121689ef9ac7563ea585.mp4' for writing
[hls @ 0xaaaae2824fb0] Opening '/config/cache/transcodes/9bfd5e741183fcd121689ef9ac7563ea586.mp4' for writing
[hls @ 0xaaaae2824fb0] Opening '/config/cache/transcodes/9bfd5e741183fcd121689ef9ac7563ea587.mp4' for writing
[hls @ 0xaaaae2824fb0] Opening '/config/cache/transcodes/9bfd5e741183fcd121689ef9ac7563ea588.mp4' for writing
[hls @ 0xaaaae2824fb0] Opening '/config/cache/transcodes/9bfd5e741183fcd121689ef9ac7563ea589.mp4' for writing
frame=84961 fps=796 q=-1.0 size=N/A time=00:58:34.75 bitrate=N/A speed=32.9x elapsed=0:01:46.70    
[hls @ 0xaaaae2824fb0] Opening '/config/cache/transcodes/9bfd5e741183fcd121689ef9ac7563ea590.mp4' for writing
[hls @ 0xaaaae2824fb0] Opening '/config/cache/transcodes/9bfd5e741183fcd121689ef9ac7563ea591.mp4' for writing
[hls @ 0xaaaae2824fb0] Opening '/config/cache/transcodes/9bfd5e741183fcd121689ef9ac7563ea592.mp4' for writing
[hls @ 0xaaaae2824fb0] Opening '/config/cache/transcodes/9bfd5e741183fcd121689ef9ac7563ea593.mp4' for writing
[hls @ 0xaaaae2824fb0] Opening '/config/cache/transcodes/9bfd5e741183fcd121689ef9ac7563ea594.mp4' for writing
[hls @ 0xaaaae2824fb0] Opening '/config/cache/transcodes/9bfd5e741183fcd121689ef9ac7563ea595.mp4' for writing
frame=85802 fps=800 q=-1.0 size=N/A time=00:59:09.80 bitrate=N/A speed=33.1x elapsed=0:01:47.20    
[hls @ 0xaaaae2824fb0] Opening '/config/cache/transcodes/9bfd5e741183fcd121689ef9ac7563ea596.mp4' for writing
[hls @ 0xaaaae2824fb0] Opening '/config/cache/transcodes/9bfd5e741183fcd121689ef9ac7563ea597.mp4' for writing
[hls @ 0xaaaae2824fb0] Opening '/config/cache/transcodes/9bfd5e741183fcd121689ef9ac7563ea598.mp4' for writing
[hls @ 0xaaaae2824fb0] Opening '/config/cache/transcodes/9bfd5e741183fcd121689ef9ac7563ea599.mp4' for writing
[hls @ 0xaaaae2824fb0] Opening '/config/cache/transcodes/9bfd5e741183fcd121689ef9ac7563ea600.mp4' for writing
frame=86545 fps=804 q=-1.0 size=N/A time=00:59:40.99 bitrate=N/A speed=33.2x elapsed=0:01:47.70    
[hls @ 0xaaaae2824fb0] Opening '/config/cache/transcodes/9bfd5e741183fcd121689ef9ac7563ea601.mp4' for writing
[hls @ 0xaaaae2824fb0] Opening '/config/cache/transcodes/9bfd5e741183fcd121689ef9ac7563ea602.mp4' for writing
[hls @ 0xaaaae2824fb0] Opening '/config/cache/transcodes/9bfd5e741183fcd121689ef9ac7563ea603.mp4' for writing
[hls @ 0xaaaae2824fb0] Opening '/config/cache/transcodes/9bfd5e741183fcd121689ef9ac7563ea604.mp4' for writing
frame=87133 fps=805 q=-1.0 size=N/A time=01:00:05.44 bitrate=N/A speed=33.3x elapsed=0:01:48.20    
[hls @ 0xaaaae2824fb0] Opening '/config/cache/transcodes/9bfd5e741183fcd121689ef9ac7563ea605.mp4' for writing
[hls @ 0xaaaae2824fb0] Opening '/config/cache/transcodes/9bfd5e741183fcd121689ef9ac7563ea606.mp4' for writing
[hls @ 0xaaaae2824fb0] Opening '/config/cache/transcodes/9bfd5e741183fcd121689ef9ac7563ea607.mp4' for writing
frame=87614 fps=806 q=-1.0 size=N/A time=01:00:25.60 bitrate=N/A speed=33.4x elapsed=0:01:48.70    
[hls @ 0xaaaae2824fb0] Opening '/config/cache/transcodes/9bfd5e741183fcd121689ef9ac7563ea608.mp4' for writing
[hls @ 0xaaaae2824fb0] Opening '/config/cache/transcodes/9bfd5e741183fcd121689ef9ac7563ea609.mp4' for writing
frame=87937 fps=805 q=-1.0 size=N/A time=01:00:38.95 bitrate=N/A speed=33.3x elapsed=0:01:49.20    
[hls @ 0xaaaae2824fb0] Opening '/config/cache/transcodes/9bfd5e741183fcd121689ef9ac7563ea610.mp4' for writing
[hls @ 0xaaaae2824fb0] Opening '/config/cache/transcodes/9bfd5e741183fcd121689ef9ac7563ea611.mp4' for writing
[hls @ 0xaaaae2824fb0] Opening '/config/cache/transcodes/9bfd5e741183fcd121689ef9ac7563ea612.mp4' for writing
[hls @ 0xaaaae2824fb0] Opening '/config/cache/transcodes/9bfd5e741183fcd121689ef9ac7563ea613.mp4' for writing
frame=88417 fps=806 q=-1.0 size=N/A time=01:00:58.96 bitrate=N/A speed=33.4x elapsed=0:01:49.70    
[hls @ 0xaaaae2824fb0] Opening '/config/cache/transcodes/9bfd5e741183fcd121689ef9ac7563ea614.mp4' for writing
[hls @ 0xaaaae2824fb0] Opening '/config/cache/transcodes/9bfd5e741183fcd121689ef9ac7563ea615.mp4' for writing
frame=88790 fps=806 q=-1.0 size=N/A time=01:01:14.56 bitrate=N/A speed=33.3x elapsed=0:01:50.20    
[hls @ 0xaaaae2824fb0] Opening '/config/cache/transcodes/9bfd5e741183fcd121689ef9ac7563ea616.mp4' for writing
[hls @ 0xaaaae2824fb0] Opening '/config/cache/transcodes/9bfd5e741183fcd121689ef9ac7563ea617.mp4' for writing
[hls @ 0xaaaae2824fb0] Opening '/config/cache/transcodes/9bfd5e741183fcd121689ef9ac7563ea618.mp4' for writing
[hls @ 0xaaaae2824fb0] Opening '/config/cache/transcodes/9bfd5e741183fcd121689ef9ac7563ea619.mp4' for writing
frame=89312 fps=807 q=-1.0 size=N/A time=01:01:36.19 bitrate=N/A speed=33.4x elapsed=0:01:50.70    
[hls @ 0xaaaae2824fb0] Opening '/config/cache/transcodes/9bfd5e741183fcd121689ef9ac7563ea620.mp4' for writing
[hls @ 0xaaaae2824fb0] Opening '/config/cache/transcodes/9bfd5e741183fcd121689ef9ac7563ea621.mp4' for writing
[hls @ 0xaaaae2824fb0] Opening '/config/cache/transcodes/9bfd5e741183fcd121689ef9ac7563ea622.mp4' for writing
frame=89804 fps=808 q=-1.0 size=N/A time=01:01:56.67 bitrate=N/A speed=33.4x elapsed=0:01:51.20    
[hls @ 0xaaaae2824fb0] Opening '/config/cache/transcodes/9bfd5e741183fcd121689ef9ac7563ea623.mp4' for writing
[hls @ 0xaaaae2824fb0] Opening '/config/cache/transcodes/9bfd5e741183fcd121689ef9ac7563ea624.mp4' for writing
[hls @ 0xaaaae2824fb0] Opening '/config/cache/transcodes/9bfd5e741183fcd121689ef9ac7563ea625.mp4' for writing
[hls @ 0xaaaae2824fb0] Opening '/config/cache/transcodes/9bfd5e741183fcd121689ef9ac7563ea626.mp4' for writing
frame=90379 fps=809 q=-1.0 size=N/A time=01:02:20.77 bitrate=N/A speed=33.5x elapsed=0:01:51.70    
[hls @ 0xaaaae2824fb0] Opening '/config/cache/transcodes/9bfd5e741183fcd121689ef9ac7563ea627.mp4' for writing
[hls @ 0xaaaae2824fb0] Opening '/config/cache/transcodes/9bfd5e741183fcd121689ef9ac7563ea628.mp4' for writing
frame=90678 fps=808 q=-1.0 size=N/A time=01:02:33.30 bitrate=N/A speed=33.4x elapsed=0:01:52.20    
[hls @ 0xaaaae2824fb0] Opening '/config/cache/transcodes/9bfd5e741183fcd121689ef9ac7563ea629.mp4' for writing
[hls @ 0xaaaae2824fb0] Opening '/config/cache/transcodes/9bfd5e741183fcd121689ef9ac7563ea630.mp4' for writing
[hls @ 0xaaaae2824fb0] Opening '/config/cache/transcodes/9bfd5e741183fcd121689ef9ac7563ea631.mp4' for writing
frame=91020 fps=808 q=-1.0 size=N/A time=01:02:47.46 bitrate=N/A speed=33.4x elapsed=0:01:52.70    
[hls @ 0xaaaae2824fb0] Opening '/config/cache/transcodes/9bfd5e741183fcd121689ef9ac7563ea632.mp4' for writing
[hls @ 0xaaaae2824fb0] Opening '/config/cache/transcodes/9bfd5e741183fcd121689ef9ac7563ea633.mp4' for writing
[hls @ 0xaaaae2824fb0] Opening '/config/cache/transcodes/9bfd5e741183fcd121689ef9ac7563ea634.mp4' for writing
frame=91396 fps=807 q=-1.0 size=N/A time=01:03:03.45 bitrate=N/A speed=33.4x elapsed=0:01:53.20    
[hls @ 0xaaaae2824fb0] Opening '/config/cache/transcodes/9bfd5e741183fcd121689ef9ac7563ea635.mp4' for writing
frame=91685 fps=806 q=-1.0 size=N/A time=01:03:15.32 bitrate=N/A speed=33.4x elapsed=0:01:53.70    
[hls @ 0xaaaae2824fb0] Opening '/config/cache/transcodes/9bfd5e741183fcd121689ef9ac7563ea636.mp4' for writing
[hls @ 0xaaaae2824fb0] Opening '/config/cache/transcodes/9bfd5e741183fcd121689ef9ac7563ea637.mp4' for writing
frame=91952 fps=805 q=-1.0 size=N/A time=01:03:26.52 bitrate=N/A speed=33.3x elapsed=0:01:54.20    
[hls @ 0xaaaae2824fb0] Opening '/config/cache/transcodes/9bfd5e741183fcd121689ef9ac7563ea638.mp4' for writing
[hls @ 0xaaaae2824fb0] Opening '/config/cache/transcodes/9bfd5e741183fcd121689ef9ac7563ea639.mp4' for writing
[hls @ 0xaaaae2824fb0] Opening '/config/cache/transcodes/9bfd5e741183fcd121689ef9ac7563ea640.mp4' for writing
[hls @ 0xaaaae2824fb0] Opening '/config/cache/transcodes/9bfd5e741183fcd121689ef9ac7563ea641.mp4' for writing
frame=92530 fps=807 q=-1.0 size=N/A time=01:03:50.35 bitrate=N/A speed=33.4x elapsed=0:01:54.70    
[hls @ 0xaaaae2824fb0] Opening '/config/cache/transcodes/9bfd5e741183fcd121689ef9ac7563ea642.mp4' for writing
[hls @ 0xaaaae2824fb0] Opening '/config/cache/transcodes/9bfd5e741183fcd121689ef9ac7563ea643.mp4' for writing
[hls @ 0xaaaae2824fb0] Opening '/config/cache/transcodes/9bfd5e741183fcd121689ef9ac7563ea644.mp4' for writing
frame=92861 fps=806 q=-1.0 size=N/A time=01:04:04.16 bitrate=N/A speed=33.4x elapsed=0:01:55.20    
[hls @ 0xaaaae2824fb0] Opening '/config/cache/transcodes/9bfd5e741183fcd121689ef9ac7563ea645.mp4' for writing
[hls @ 0xaaaae2824fb0] Opening '/config/cache/transcodes/9bfd5e741183fcd121689ef9ac7563ea646.mp4' for writing
[hls @ 0xaaaae2824fb0] Opening '/config/cache/transcodes/9bfd5e741183fcd121689ef9ac7563ea647.mp4' for writing
frame=93360 fps=807 q=-1.0 size=N/A time=01:04:25.36 bitrate=N/A speed=33.4x elapsed=0:01:55.70    
[hls @ 0xaaaae2824fb0] Opening '/config/cache/transcodes/9bfd5e741183fcd121689ef9ac7563ea648.mp4' for writing
[hls @ 0xaaaae2824fb0] Opening '/config/cache/transcodes/9bfd5e741183fcd121689ef9ac7563ea649.mp4' for writing
[hls @ 0xaaaae2824fb0] Opening '/config/cache/transcodes/9bfd5e741183fcd121689ef9ac7563ea650.mp4' for writing
frame=93727 fps=807 q=-1.0 size=N/A time=01:04:40.32 bitrate=N/A speed=33.4x elapsed=0:01:56.20    
[hls @ 0xaaaae2824fb0] Opening '/config/cache/transcodes/9bfd5e741183fcd121689ef9ac7563ea651.mp4' for writing
[hls @ 0xaaaae2824fb0] Opening '/config/cache/transcodes/9bfd5e741183fcd121689ef9ac7563ea652.mp4' for writing
[hls @ 0xaaaae2824fb0] Opening '/config/cache/transcodes/9bfd5e741183fcd121689ef9ac7563ea653.mp4' for writing
frame=94258 fps=808 q=-1.0 size=N/A time=01:05:02.76 bitrate=N/A speed=33.4x elapsed=0:01:56.71    
[hls @ 0xaaaae2824fb0] Opening '/config/cache/transcodes/9bfd5e741183fcd121689ef9ac7563ea654.mp4' for writing
[hls @ 0xaaaae2824fb0] Opening '/config/cache/transcodes/9bfd5e741183fcd121689ef9ac7563ea655.mp4' for writing
[hls @ 0xaaaae2824fb0] Opening '/config/cache/transcodes/9bfd5e741183fcd121689ef9ac7563ea656.mp4' for writing
[hls @ 0xaaaae2824fb0] Opening '/config/cache/transcodes/9bfd5e741183fcd121689ef9ac7563ea657.mp4' for writing
frame=94853 fps=809 q=-1.0 size=N/A time=01:05:27.50 bitrate=N/A speed=33.5x elapsed=0:01:57.21    
[hls @ 0xaaaae2824fb0] Opening '/config/cache/transcodes/9bfd5e741183fcd121689ef9ac7563ea658.mp4' for writing
[hls @ 0xaaaae2824fb0] Opening '/config/cache/transcodes/9bfd5e741183fcd121689ef9ac7563ea659.mp4' for writing
[hls @ 0xaaaae2824fb0] Opening '/config/cache/transcodes/9bfd5e741183fcd121689ef9ac7563ea660.mp4' for writing
[hls @ 0xaaaae2824fb0] Opening '/config/cache/transcodes/9bfd5e741183fcd121689ef9ac7563ea661.mp4' for writing
[hls @ 0xaaaae2824fb0] Opening '/config/cache/transcodes/9bfd5e741183fcd121689ef9ac7563ea662.mp4' for writing
frame=95552 fps=812 q=-1.0 size=N/A time=01:05:56.52 bitrate=N/A speed=33.6x elapsed=0:01:57.71    
[hls @ 0xaaaae2824fb0] Opening '/config/cache/transcodes/9bfd5e741183fcd121689ef9ac7563ea663.mp4' for writing
[hls @ 0xaaaae2824fb0] Opening '/config/cache/transcodes/9bfd5e741183fcd121689ef9ac7563ea664.mp4' for writing
[hls @ 0xaaaae2824fb0] Opening '/config/cache/transcodes/9bfd5e741183fcd121689ef9ac7563ea665.mp4' for writing
[hls @ 0xaaaae2824fb0] Opening '/config/cache/transcodes/9bfd5e741183fcd121689ef9ac7563ea666.mp4' for writing
[hls @ 0xaaaae2824fb0] Opening '/config/cache/transcodes/9bfd5e741183fcd121689ef9ac7563ea667.mp4' for writing
[hls @ 0xaaaae2824fb0] Opening '/config/cache/transcodes/9bfd5e741183fcd121689ef9ac7563ea668.mp4' for writing
frame=96245 fps=814 q=-1.0 size=N/A time=01:06:25.60 bitrate=N/A speed=33.7x elapsed=0:01:58.21    
[hls @ 0xaaaae2824fb0] Opening '/config/cache/transcodes/9bfd5e741183fcd121689ef9ac7563ea669.mp4' for writing
[hls @ 0xaaaae2824fb0] Opening '/config/cache/transcodes/9bfd5e741183fcd121689ef9ac7563ea670.mp4' for writing
[hls @ 0xaaaae2824fb0] Opening '/config/cache/transcodes/9bfd5e741183fcd121689ef9ac7563ea671.mp4' for writing
[hls @ 0xaaaae2824fb0] Opening '/config/cache/transcodes/9bfd5e741183fcd121689ef9ac7563ea672.mp4' for writing
frame=96961 fps=817 q=-1.0 size=N/A time=01:06:55.40 bitrate=N/A speed=33.8x elapsed=0:01:58.71    
[hls @ 0xaaaae2824fb0] Opening '/config/cache/transcodes/9bfd5e741183fcd121689ef9ac7563ea673.mp4' for writing
[hls @ 0xaaaae2824fb0] Opening '/config/cache/transcodes/9bfd5e741183fcd121689ef9ac7563ea674.mp4' for writing
[hls @ 0xaaaae2824fb0] Opening '/config/cache/transcodes/9bfd5e741183fcd121689ef9ac7563ea675.mp4' for writing
[hls @ 0xaaaae2824fb0] Opening '/config/cache/transcodes/9bfd5e741183fcd121689ef9ac7563ea676.mp4' for writing
[hls @ 0xaaaae2824fb0] Opening '/config/cache/transcodes/9bfd5e741183fcd121689ef9ac7563ea677.mp4' for writing
frame=97609 fps=819 q=-1.0 size=N/A time=01:07:22.41 bitrate=N/A speed=33.9x elapsed=0:01:59.21    
[hls @ 0xaaaae2824fb0] Opening '/config/cache/transcodes/9bfd5e741183fcd121689ef9ac7563ea678.mp4' for writing
[hls @ 0xaaaae2824fb0] Opening '/config/cache/transcodes/9bfd5e741183fcd121689ef9ac7563ea679.mp4' for writing
[hls @ 0xaaaae2824fb0] Opening '/config/cache/transcodes/9bfd5e741183fcd121689ef9ac7563ea680.mp4' for writing
[hls @ 0xaaaae2824fb0] Opening '/config/cache/transcodes/9bfd5e741183fcd121689ef9ac7563ea681.mp4' for writing
[hls @ 0xaaaae2824fb0] Opening '/config/cache/transcodes/9bfd5e741183fcd121689ef9ac7563ea682.mp4' for writing
frame=98321 fps=821 q=-1.0 size=N/A time=01:07:52.14 bitrate=N/A speed=  34x elapsed=0:01:59.72    
[hls @ 0xaaaae2824fb0] Opening '/config/cache/transcodes/9bfd5e741183fcd121689ef9ac7563ea683.mp4' for writing
[hls @ 0xaaaae2824fb0] Opening '/config/cache/transcodes/9bfd5e741183fcd121689ef9ac7563ea684.mp4' for writing
[hls @ 0xaaaae2824fb0] Opening '/config/cache/transcodes/9bfd5e741183fcd121689ef9ac7563ea685.mp4' for writing
[hls @ 0xaaaae2824fb0] Opening '/config/cache/transcodes/9bfd5e741183fcd121689ef9ac7563ea686.mp4' for writing
[hls @ 0xaaaae2824fb0] Opening '/config/cache/transcodes/9bfd5e741183fcd121689ef9ac7563ea687.mp4' for writing
frame=99048 fps=824 q=-1.0 size=N/A time=01:08:22.37 bitrate=N/A speed=34.1x elapsed=0:02:00.22    
[hls @ 0xaaaae2824fb0] Opening '/config/cache/transcodes/9bfd5e741183fcd121689ef9ac7563ea688.mp4' for writing
[hls @ 0xaaaae2824fb0] Opening '/config/cache/transcodes/9bfd5e741183fcd121689ef9ac7563ea689.mp4' for writing
[hls @ 0xaaaae2824fb0] Opening '/config/cache/transcodes/9bfd5e741183fcd121689ef9ac7563ea690.mp4' for writing
[hls @ 0xaaaae2824fb0] Opening '/config/cache/transcodes/9bfd5e741183fcd121689ef9ac7563ea691.mp4' for writing
frame=99612 fps=825 q=-1.0 size=N/A time=01:08:46.03 bitrate=N/A speed=34.2x elapsed=0:02:00.72    
[hls @ 0xaaaae2824fb0] Opening '/config/cache/transcodes/9bfd5e741183fcd121689ef9ac7563ea692.mp4' for writing
[hls @ 0xaaaae2824fb0] Opening '/config/cache/transcodes/9bfd5e741183fcd121689ef9ac7563ea693.mp4' for writing
[hls @ 0xaaaae2824fb0] Opening '/config/cache/transcodes/9bfd5e741183fcd121689ef9ac7563ea694.mp4' for writing
[hls @ 0xaaaae2824fb0] Opening '/config/cache/transcodes/9bfd5e741183fcd121689ef9ac7563ea695.mp4' for writing
frame=100183 fps=826 q=-1.0 size=N/A time=01:09:09.82 bitrate=N/A speed=34.2x elapsed=0:02:01.22    
[hls @ 0xaaaae2824fb0] Opening '/config/cache/transcodes/9bfd5e741183fcd121689ef9ac7563ea696.mp4' for writing
[hls @ 0xaaaae2824fb0] Opening '/config/cache/transcodes/9bfd5e741183fcd121689ef9ac7563ea697.mp4' for writing
[hls @ 0xaaaae2824fb0] Opening '/config/cache/transcodes/9bfd5e741183fcd121689ef9ac7563ea698.mp4' for writing
[hls @ 0xaaaae2824fb0] Opening '/config/cache/transcodes/9bfd5e741183fcd121689ef9ac7563ea699.mp4' for writing
frame=100794 fps=828 q=-1.0 size=N/A time=01:09:35.31 bitrate=N/A speed=34.3x elapsed=0:02:01.73    
[hls @ 0xaaaae2824fb0] Opening '/config/cache/transcodes/9bfd5e741183fcd121689ef9ac7563ea700.mp4' for writing
[hls @ 0xaaaae2824fb0] Opening '/config/cache/transcodes/9bfd5e741183fcd121689ef9ac7563ea701.mp4' for writing
[hls @ 0xaaaae2824fb0] Opening '/config/cache/transcodes/9bfd5e741183fcd121689ef9ac7563ea702.mp4' for writing
[hls @ 0xaaaae2824fb0] Opening '/config/cache/transcodes/9bfd5e741183fcd121689ef9ac7563ea703.mp4' for writing
frame=101418 fps=830 q=-1.0 size=N/A time=01:10:01.45 bitrate=N/A speed=34.4x elapsed=0:02:02.24    
[hls @ 0xaaaae2824fb0] Opening '/config/cache/transcodes/9bfd5e741183fcd121689ef9ac7563ea704.mp4' for writing
[hls @ 0xaaaae2824fb0] Opening '/config/cache/transcodes/9bfd5e741183fcd121689ef9ac7563ea705.mp4' for writing
[hls @ 0xaaaae2824fb0] Opening '/config/cache/transcodes/9bfd5e741183fcd121689ef9ac7563ea706.mp4' for writing
frame=101861 fps=830 q=-1.0 size=N/A time=01:10:19.60 bitrate=N/A speed=34.4x elapsed=0:02:02.74    
[hls @ 0xaaaae2824fb0] Opening '/config/cache/transcodes/9bfd5e741183fcd121689ef9ac7563ea707.mp4' for writing
[hls @ 0xaaaae2824fb0] Opening '/config/cache/transcodes/9bfd5e741183fcd121689ef9ac7563ea708.mp4' for writing
[hls @ 0xaaaae2824fb0] Opening '/config/cache/transcodes/9bfd5e741183fcd121689ef9ac7563ea709.mp4' for writing
frame=102289 fps=830 q=-1.0 size=N/A time=01:10:37.41 bitrate=N/A speed=34.4x elapsed=0:02:03.24    
[hls @ 0xaaaae2824fb0] Opening '/config/cache/transcodes/9bfd5e741183fcd121689ef9ac7563ea710.mp4' for writing
[hls @ 0xaaaae2824fb0] Opening '/config/cache/transcodes/9bfd5e741183fcd121689ef9ac7563ea711.mp4' for writing
[hls @ 0xaaaae2824fb0] Opening '/config/cache/transcodes/9bfd5e741183fcd121689ef9ac7563ea712.mp4' for writing
frame=102715 fps=830 q=-1.0 size=N/A time=01:10:55.38 bitrate=N/A speed=34.4x elapsed=0:02:03.74    
[hls @ 0xaaaae2824fb0] Opening '/config/cache/transcodes/9bfd5e741183fcd121689ef9ac7563ea713.mp4' for writing
[hls @ 0xaaaae2824fb0] Opening '/config/cache/transcodes/9bfd5e741183fcd121689ef9ac7563ea714.mp4' for writing
[hls @ 0xaaaae2824fb0] Opening '/config/cache/transcodes/9bfd5e741183fcd121689ef9ac7563ea715.mp4' for writing
[hls @ 0xaaaae2824fb0] Opening '/config/cache/transcodes/9bfd5e741183fcd121689ef9ac7563ea716.mp4' for writing
frame=103213 fps=831 q=-1.0 size=N/A time=01:11:16.07 bitrate=N/A speed=34.4x elapsed=0:02:04.24    
[hls @ 0xaaaae2824fb0] Opening '/config/cache/transcodes/9bfd5e741183fcd121689ef9ac7563ea717.mp4' for writing
[hls @ 0xaaaae2824fb0] Opening '/config/cache/transcodes/9bfd5e741183fcd121689ef9ac7563ea718.mp4' for writing
frame=103531 fps=830 q=-1.0 size=N/A time=01:11:29.40 bitrate=N/A speed=34.4x elapsed=0:02:04.74    
[hls @ 0xaaaae2824fb0] Opening '/config/cache/transcodes/9bfd5e741183fcd121689ef9ac7563ea719.mp4' for writing
[hls @ 0xaaaae2824fb0] Opening '/config/cache/transcodes/9bfd5e741183fcd121689ef9ac7563ea720.mp4' for writing
frame=103847 fps=829 q=-1.0 size=N/A time=01:11:42.76 bitrate=N/A speed=34.4x elapsed=0:02:05.24    
[hls @ 0xaaaae2824fb0] Opening '/config/cache/transcodes/9bfd5e741183fcd121689ef9ac7563ea721.mp4' for writing
frame=103991 fps=827 q=-1.0 size=N/A time=01:11:48.62 bitrate=N/A speed=34.3x elapsed=0:02:05.74    
[hls @ 0xaaaae2824fb0] Opening '/config/cache/transcodes/9bfd5e741183fcd121689ef9ac7563ea722.mp4' for writing
[hls @ 0xaaaae2824fb0] Opening '/config/cache/transcodes/9bfd5e741183fcd121689ef9ac7563ea723.mp4' for writing
[hls @ 0xaaaae2824fb0] Opening '/config/cache/transcodes/9bfd5e741183fcd121689ef9ac7563ea724.mp4' for writing
frame=104317 fps=826 q=-1.0 size=N/A time=01:12:02.36 bitrate=N/A speed=34.2x elapsed=0:02:06.25    
[hls @ 0xaaaae2824fb0] Opening '/config/cache/transcodes/9bfd5e741183fcd121689ef9ac7563ea725.mp4' for writing
[hls @ 0xaaaae2824fb0] Opening '/config/cache/transcodes/9bfd5e741183fcd121689ef9ac7563ea726.mp4' for writing
frame=104710 fps=826 q=-1.0 size=N/A time=01:12:18.56 bitrate=N/A speed=34.2x elapsed=0:02:06.75    
[hls @ 0xaaaae2824fb0] Opening '/config/cache/transcodes/9bfd5e741183fcd121689ef9ac7563ea727.mp4' for writing
[hls @ 0xaaaae2824fb0] Opening '/config/cache/transcodes/9bfd5e741183fcd121689ef9ac7563ea728.mp4' for writing
[hls @ 0xaaaae2824fb0] Opening '/config/cache/transcodes/9bfd5e741183fcd121689ef9ac7563ea729.mp4' for writing
[hls @ 0xaaaae2824fb0] Opening '/config/cache/transcodes/9bfd5e741183fcd121689ef9ac7563ea730.mp4' for writing
frame=105205 fps=827 q=-1.0 size=N/A time=01:12:39.18 bitrate=N/A speed=34.3x elapsed=0:02:07.25    
[hls @ 0xaaaae2824fb0] Opening '/config/cache/transcodes/9bfd5e741183fcd121689ef9ac7563ea731.mp4' for writing
[hls @ 0xaaaae2824fb0] Opening '/config/cache/transcodes/9bfd5e741183fcd121689ef9ac7563ea732.mp4' for writing
[hls @ 0xaaaae2824fb0] Opening '/config/cache/transcodes/9bfd5e741183fcd121689ef9ac7563ea733.mp4' for writing
frame=105726 fps=828 q=-1.0 size=N/A time=01:13:01.12 bitrate=N/A speed=34.3x elapsed=0:02:07.75    
[hls @ 0xaaaae2824fb0] Opening '/config/cache/transcodes/9bfd5e741183fcd121689ef9ac7563ea734.mp4' for writing
[hls @ 0xaaaae2824fb0] Opening '/config/cache/transcodes/9bfd5e741183fcd121689ef9ac7563ea735.mp4' for writing
frame=106006 fps=827 q=-1.0 size=N/A time=01:13:12.81 bitrate=N/A speed=34.3x elapsed=0:02:08.25    
[hls @ 0xaaaae2824fb0] Opening '/config/cache/transcodes/9bfd5e741183fcd121689ef9ac7563ea736.mp4' for writing
[hls @ 0xaaaae2824fb0] Opening '/config/cache/transcodes/9bfd5e741183fcd121689ef9ac7563ea737.mp4' for writing
frame=106320 fps=826 q=-1.0 size=N/A time=01:13:25.95 bitrate=N/A speed=34.2x elapsed=0:02:08.75    
[hls @ 0xaaaae2824fb0] Opening '/config/cache/transcodes/9bfd5e741183fcd121689ef9ac7563ea738.mp4' for writing
[hls @ 0xaaaae2824fb0] Opening '/config/cache/transcodes/9bfd5e741183fcd121689ef9ac7563ea739.mp4' for writing
[hls @ 0xaaaae2824fb0] Opening '/config/cache/transcodes/9bfd5e741183fcd121689ef9ac7563ea740.mp4' for writing
[hls @ 0xaaaae2824fb0] Opening '/config/cache/transcodes/9bfd5e741183fcd121689ef9ac7563ea741.mp4' for writing
[hls @ 0xaaaae2824fb0] Opening '/config/cache/transcodes/9bfd5e741183fcd121689ef9ac7563ea742.mp4' for writing
frame=107017 fps=828 q=-1.0 size=N/A time=01:13:54.94 bitrate=N/A speed=34.3x elapsed=0:02:09.26    
[hls @ 0xaaaae2824fb0] Opening '/config/cache/transcodes/9bfd5e741183fcd121689ef9ac7563ea743.mp4' for writing
[hls @ 0xaaaae2824fb0] Opening '/config/cache/transcodes/9bfd5e741183fcd121689ef9ac7563ea744.mp4' for writing
[hls @ 0xaaaae2824fb0] Opening '/config/cache/transcodes/9bfd5e741183fcd121689ef9ac7563ea745.mp4' for writing
frame=107477 fps=828 q=-1.0 size=N/A time=01:14:13.93 bitrate=N/A speed=34.3x elapsed=0:02:09.76    
[hls @ 0xaaaae2824fb0] Opening '/config/cache/transcodes/9bfd5e741183fcd121689ef9ac7563ea746.mp4' for writing
[hls @ 0xaaaae2824fb0] Opening '/config/cache/transcodes/9bfd5e741183fcd121689ef9ac7563ea747.mp4' for writing
[hls @ 0xaaaae2824fb0] Opening '/config/cache/transcodes/9bfd5e741183fcd121689ef9ac7563ea748.mp4' for writing
[hls @ 0xaaaae2824fb0] Opening '/config/cache/transcodes/9bfd5e741183fcd121689ef9ac7563ea749.mp4' for writing
frame=107911 fps=828 q=-1.0 size=N/A time=01:14:32.12 bitrate=N/A speed=34.3x elapsed=0:02:10.26    
[hls @ 0xaaaae2824fb0] Opening '/config/cache/transcodes/9bfd5e741183fcd121689ef9ac7563ea750.mp4' for writing
[hls @ 0xaaaae2824fb0] Opening '/config/cache/transcodes/9bfd5e741183fcd121689ef9ac7563ea751.mp4' for writing
frame=108211 fps=828 q=-1.0 size=N/A time=01:14:44.56 bitrate=N/A speed=34.3x elapsed=0:02:10.76    
[hls @ 0xaaaae2824fb0] Opening '/config/cache/transcodes/9bfd5e741183fcd121689ef9ac7563ea752.mp4' for writing
[hls @ 0xaaaae2824fb0] Opening '/config/cache/transcodes/9bfd5e741183fcd121689ef9ac7563ea753.mp4' for writing
frame=108628 fps=828 q=-1.0 size=N/A time=01:15:02.08 bitrate=N/A speed=34.3x elapsed=0:02:11.26    
[hls @ 0xaaaae2824fb0] Opening '/config/cache/transcodes/9bfd5e741183fcd121689ef9ac7563ea754.mp4' for writing
[hls @ 0xaaaae2824fb0] Opening '/config/cache/transcodes/9bfd5e741183fcd121689ef9ac7563ea755.mp4' for writing
[hls @ 0xaaaae2824fb0] Opening '/config/cache/transcodes/9bfd5e741183fcd121689ef9ac7563ea756.mp4' for writing
frame=108961 fps=827 q=-1.0 size=N/A time=01:15:16.18 bitrate=N/A speed=34.3x elapsed=0:02:11.76    
[hls @ 0xaaaae2824fb0] Opening '/config/cache/transcodes/9bfd5e741183fcd121689ef9ac7563ea757.mp4' for writing
[hls @ 0xaaaae2824fb0] Opening '/config/cache/transcodes/9bfd5e741183fcd121689ef9ac7563ea758.mp4' for writing
[hls @ 0xaaaae2824fb0] Opening '/config/cache/transcodes/9bfd5e741183fcd121689ef9ac7563ea759.mp4' for writing
frame=109350 fps=827 q=-1.0 size=N/A time=01:15:32.20 bitrate=N/A speed=34.3x elapsed=0:02:12.26    
[hls @ 0xaaaae2824fb0] Opening '/config/cache/transcodes/9bfd5e741183fcd121689ef9ac7563ea760.mp4' for writing
frame=109578 fps=825 q=-1.0 size=N/A time=01:15:41.48 bitrate=N/A speed=34.2x elapsed=0:02:12.76    
[hls @ 0xaaaae2824fb0] Opening '/config/cache/transcodes/9bfd5e741183fcd121689ef9ac7563ea761.mp4' for writing
[hls @ 0xaaaae2824fb0] Opening '/config/cache/transcodes/9bfd5e741183fcd121689ef9ac7563ea762.mp4' for writing
[hls @ 0xaaaae2824fb0] Opening '/config/cache/transcodes/9bfd5e741183fcd121689ef9ac7563ea763.mp4' for writing
frame=109992 fps=825 q=-1.0 size=N/A time=01:15:59.06 bitrate=N/A speed=34.2x elapsed=0:02:13.26    
[hls @ 0xaaaae2824fb0] Opening '/config/cache/transcodes/9bfd5e741183fcd121689ef9ac7563ea764.mp4' for writing
[hls @ 0xaaaae2824fb0] Opening '/config/cache/transcodes/9bfd5e741183fcd121689ef9ac7563ea765.mp4' for writing
frame=110341 fps=825 q=-1.0 size=N/A time=01:16:13.61 bitrate=N/A speed=34.2x elapsed=0:02:13.76    
[hls @ 0xaaaae2824fb0] Opening '/config/cache/transcodes/9bfd5e741183fcd121689ef9ac7563ea766.mp4' for writing
[hls @ 0xaaaae2824fb0] Opening '/config/cache/transcodes/9bfd5e741183fcd121689ef9ac7563ea767.mp4' for writing
[hls @ 0xaaaae2824fb0] Opening '/config/cache/transcodes/9bfd5e741183fcd121689ef9ac7563ea768.mp4' for writing
frame=110761 fps=825 q=-1.0 size=N/A time=01:16:31.13 bitrate=N/A speed=34.2x elapsed=0:02:14.26    
[hls @ 0xaaaae2824fb0] Opening '/config/cache/transcodes/9bfd5e741183fcd121689ef9ac7563ea769.mp4' for writing
[hls @ 0xaaaae2824fb0] Opening '/config/cache/transcodes/9bfd5e741183fcd121689ef9ac7563ea770.mp4' for writing
[hls @ 0xaaaae2824fb0] Opening '/config/cache/transcodes/9bfd5e741183fcd121689ef9ac7563ea771.mp4' for writing
frame=111117 fps=825 q=-1.0 size=N/A time=01:16:45.71 bitrate=N/A speed=34.2x elapsed=0:02:14.76    
[hls @ 0xaaaae2824fb0] Opening '/config/cache/transcodes/9bfd5e741183fcd121689ef9ac7563ea772.mp4' for writing
[hls @ 0xaaaae2824fb0] Opening '/config/cache/transcodes/9bfd5e741183fcd121689ef9ac7563ea773.mp4' for writing
frame=111407 fps=824 q=-1.0 size=N/A time=01:16:57.70 bitrate=N/A speed=34.1x elapsed=0:02:15.27    
[hls @ 0xaaaae2824fb0] Opening '/config/cache/transcodes/9bfd5e741183fcd121689ef9ac7563ea774.mp4' for writing
[hls @ 0xaaaae2824fb0] Opening '/config/cache/transcodes/9bfd5e741183fcd121689ef9ac7563ea775.mp4' for writing
frame=111788 fps=823 q=-1.0 size=N/A time=01:17:13.74 bitrate=N/A speed=34.1x elapsed=0:02:15.77    
[hls @ 0xaaaae2824fb0] Opening '/config/cache/transcodes/9bfd5e741183fcd121689ef9ac7563ea776.mp4' for writing
[hls @ 0xaaaae2824fb0] Opening '/config/cache/transcodes/9bfd5e741183fcd121689ef9ac7563ea777.mp4' for writing
[hls @ 0xaaaae2824fb0] Opening '/config/cache/transcodes/9bfd5e741183fcd121689ef9ac7563ea778.mp4' for writing
frame=112214 fps=823 q=-1.0 size=N/A time=01:17:31.54 bitrate=N/A speed=34.1x elapsed=0:02:16.27    
[hls @ 0xaaaae2824fb0] Opening '/config/cache/transcodes/9bfd5e741183fcd121689ef9ac7563ea779.mp4' for writing
[hls @ 0xaaaae2824fb0] Opening '/config/cache/transcodes/9bfd5e741183fcd121689ef9ac7563ea780.mp4' for writing
[hls @ 0xaaaae2824fb0] Opening '/config/cache/transcodes/9bfd5e741183fcd121689ef9ac7563ea781.mp4' for writing
[hls @ 0xaaaae2824fb0] Opening '/config/cache/transcodes/9bfd5e741183fcd121689ef9ac7563ea782.mp4' for writing
frame=112769 fps=824 q=-1.0 size=N/A time=01:17:54.85 bitrate=N/A speed=34.2x elapsed=0:02:16.77    
[hls @ 0xaaaae2824fb0] Opening '/config/cache/transcodes/9bfd5e741183fcd121689ef9ac7563ea783.mp4' for writing
[hls @ 0xaaaae2824fb0] Opening '/config/cache/transcodes/9bfd5e741183fcd121689ef9ac7563ea784.mp4' for writing
[hls @ 0xaaaae2824fb0] Opening '/config/cache/transcodes/9bfd5e741183fcd121689ef9ac7563ea785.mp4' for writing
frame=113214 fps=825 q=-1.0 size=N/A time=01:18:13.44 bitrate=N/A speed=34.2x elapsed=0:02:17.27    
[hls @ 0xaaaae2824fb0] Opening '/config/cache/transcodes/9bfd5e741183fcd121689ef9ac7563ea786.mp4' for writing
[hls @ 0xaaaae2824fb0] Opening '/config/cache/transcodes/9bfd5e741183fcd121689ef9ac7563ea787.mp4' for writing
[hls @ 0xaaaae2824fb0] Opening '/config/cache/transcodes/9bfd5e741183fcd121689ef9ac7563ea788.mp4' for writing
frame=113635 fps=825 q=-1.0 size=N/A time=01:18:30.93 bitrate=N/A speed=34.2x elapsed=0:02:17.77    
[hls @ 0xaaaae2824fb0] Opening '/config/cache/transcodes/9bfd5e741183fcd121689ef9ac7563ea789.mp4' for writing
[hls @ 0xaaaae2824fb0] Opening '/config/cache/transcodes/9bfd5e741183fcd121689ef9ac7563ea790.mp4' for writing
[hls @ 0xaaaae2824fb0] Opening '/config/cache/transcodes/9bfd5e741183fcd121689ef9ac7563ea791.mp4' for writing
[hls @ 0xaaaae2824fb0] Opening '/config/cache/transcodes/9bfd5e741183fcd121689ef9ac7563ea792.mp4' for writing
frame=114233 fps=826 q=-1.0 size=N/A time=01:18:55.63 bitrate=N/A speed=34.2x elapsed=0:02:18.27    
[hls @ 0xaaaae2824fb0] Opening '/config/cache/transcodes/9bfd5e741183fcd121689ef9ac7563ea793.mp4' for writing
[hls @ 0xaaaae2824fb0] Opening '/config/cache/transcodes/9bfd5e741183fcd121689ef9ac7563ea794.mp4' for writing
[hls @ 0xaaaae2824fb0] Opening '/config/cache/transcodes/9bfd5e741183fcd121689ef9ac7563ea795.mp4' for writing
[hls @ 0xaaaae2824fb0] Opening '/config/cache/transcodes/9bfd5e741183fcd121689ef9ac7563ea796.mp4' for writing
frame=114810 fps=827 q=-1.0 size=N/A time=01:19:19.80 bitrate=N/A speed=34.3x elapsed=0:02:18.77    
[hls @ 0xaaaae2824fb0] Opening '/config/cache/transcodes/9bfd5e741183fcd121689ef9ac7563ea797.mp4' for writing
[hls @ 0xaaaae2824fb0] Opening '/config/cache/transcodes/9bfd5e741183fcd121689ef9ac7563ea798.mp4' for writing
[hls @ 0xaaaae2824fb0] Opening '/config/cache/transcodes/9bfd5e741183fcd121689ef9ac7563ea799.mp4' for writing
[hls @ 0xaaaae2824fb0] Opening '/config/cache/transcodes/9bfd5e741183fcd121689ef9ac7563ea800.mp4' for writing
frame=115295 fps=828 q=-1.0 size=N/A time=01:19:40.24 bitrate=N/A speed=34.3x elapsed=0:02:19.27    
[hls @ 0xaaaae2824fb0] Opening '/config/cache/transcodes/9bfd5e741183fcd121689ef9ac7563ea801.mp4' for writing
[hls @ 0xaaaae2824fb0] Opening '/config/cache/transcodes/9bfd5e741183fcd121689ef9ac7563ea802.mp4' for writing
[hls @ 0xaaaae2824fb0] Opening '/config/cache/transcodes/9bfd5e741183fcd121689ef9ac7563ea803.mp4' for writing
frame=115703 fps=828 q=-1.0 size=N/A time=01:19:57.25 bitrate=N/A speed=34.3x elapsed=0:02:19.77    
[hls @ 0xaaaae2824fb0] Opening '/config/cache/transcodes/9bfd5e741183fcd121689ef9ac7563ea804.mp4' for writing
[hls @ 0xaaaae2824fb0] Opening '/config/cache/transcodes/9bfd5e741183fcd121689ef9ac7563ea805.mp4' for writing
[hls @ 0xaaaae2824fb0] Opening '/config/cache/transcodes/9bfd5e741183fcd121689ef9ac7563ea806.mp4' for writing
[hls @ 0xaaaae2824fb0] Opening '/config/cache/transcodes/9bfd5e741183fcd121689ef9ac7563ea807.mp4' for writing
frame=116341 fps=829 q=-1.0 size=N/A time=01:20:23.50 bitrate=N/A speed=34.4x elapsed=0:02:20.27    
[hls @ 0xaaaae2824fb0] Opening '/config/cache/transcodes/9bfd5e741183fcd121689ef9ac7563ea808.mp4' for writing
[hls @ 0xaaaae2824fb0] Opening '/config/cache/transcodes/9bfd5e741183fcd121689ef9ac7563ea809.mp4' for writing
[hls @ 0xaaaae2824fb0] Opening '/config/cache/transcodes/9bfd5e741183fcd121689ef9ac7563ea810.mp4' for writing
frame=116737 fps=829 q=-1.0 size=N/A time=01:20:40.10 bitrate=N/A speed=34.4x elapsed=0:02:20.77    
[hls @ 0xaaaae2824fb0] Opening '/config/cache/transcodes/9bfd5e741183fcd121689ef9ac7563ea811.mp4' for writing
[hls @ 0xaaaae2824fb0] Opening '/config/cache/transcodes/9bfd5e741183fcd121689ef9ac7563ea812.mp4' for writing
[hls @ 0xaaaae2824fb0] Opening '/config/cache/transcodes/9bfd5e741183fcd121689ef9ac7563ea813.mp4' for writing
[hls @ 0xaaaae2824fb0] Opening '/config/cache/transcodes/9bfd5e741183fcd121689ef9ac7563ea814.mp4' for writing
frame=117316 fps=830 q=-1.0 size=N/A time=01:21:04.51 bitrate=N/A speed=34.4x elapsed=0:02:21.27    
[hls @ 0xaaaae2824fb0] Opening '/config/cache/transcodes/9bfd5e741183fcd121689ef9ac7563ea815.mp4' for writing
[hls @ 0xaaaae2824fb0] Opening '/config/cache/transcodes/9bfd5e741183fcd121689ef9ac7563ea816.mp4' for writing
[hls @ 0xaaaae2824fb0] Opening '/config/cache/transcodes/9bfd5e741183fcd121689ef9ac7563ea817.mp4' for writing
frame=117797 fps=831 q=-1.0 size=N/A time=01:21:24.59 bitrate=N/A speed=34.5x elapsed=0:02:21.77    
[hls @ 0xaaaae2824fb0] Opening '/config/cache/transcodes/9bfd5e741183fcd121689ef9ac7563ea818.mp4' for writing
[hls @ 0xaaaae2824fb0] Opening '/config/cache/transcodes/9bfd5e741183fcd121689ef9ac7563ea819.mp4' for writing
[hls @ 0xaaaae2824fb0] Opening '/config/cache/transcodes/9bfd5e741183fcd121689ef9ac7563ea820.mp4' for writing
frame=118273 fps=831 q=-1.0 size=N/A time=01:21:44.44 bitrate=N/A speed=34.5x elapsed=0:02:22.28    
[hls @ 0xaaaae2824fb0] Opening '/config/cache/transcodes/9bfd5e741183fcd121689ef9ac7563ea821.mp4' for writing
[hls @ 0xaaaae2824fb0] Opening '/config/cache/transcodes/9bfd5e741183fcd121689ef9ac7563ea822.mp4' for writing
[hls @ 0xaaaae2824fb0] Opening '/config/cache/transcodes/9bfd5e741183fcd121689ef9ac7563ea823.mp4' for writing
[hls @ 0xaaaae2824fb0] Opening '/config/cache/transcodes/9bfd5e741183fcd121689ef9ac7563ea824.mp4' for writing
[hls @ 0xaaaae2824fb0] Opening '/config/cache/transcodes/9bfd5e741183fcd121689ef9ac7563ea825.mp4' for writing
frame=118862 fps=832 q=-1.0 size=N/A time=01:22:09.01 bitrate=N/A speed=34.5x elapsed=0:02:22.78    
[hls @ 0xaaaae2824fb0] Opening '/config/cache/transcodes/9bfd5e741183fcd121689ef9ac7563ea826.mp4' for writing
[hls @ 0xaaaae2824fb0] Opening '/config/cache/transcodes/9bfd5e741183fcd121689ef9ac7563ea827.mp4' for writing
frame=119281 fps=832 q=-1.0 size=N/A time=01:22:26.11 bitrate=N/A speed=34.5x elapsed=0:02:23.28    
[hls @ 0xaaaae2824fb0] Opening '/config/cache/transcodes/9bfd5e741183fcd121689ef9ac7563ea828.mp4' for writing
[hls @ 0xaaaae2824fb0] Opening '/config/cache/transcodes/9bfd5e741183fcd121689ef9ac7563ea829.mp4' for writing
[hls @ 0xaaaae2824fb0] Opening '/config/cache/transcodes/9bfd5e741183fcd121689ef9ac7563ea830.mp4' for writing
frame=119639 fps=832 q=-1.0 size=N/A time=01:22:41.42 bitrate=N/A speed=34.5x elapsed=0:02:23.78    
[hls @ 0xaaaae2824fb0] Opening '/config/cache/transcodes/9bfd5e741183fcd121689ef9ac7563ea831.mp4' for writing
[hls @ 0xaaaae2824fb0] Opening '/config/cache/transcodes/9bfd5e741183fcd121689ef9ac7563ea832.mp4' for writing
[hls @ 0xaaaae2824fb0] Opening '/config/cache/transcodes/9bfd5e741183fcd121689ef9ac7563ea833.mp4' for writing
[hls @ 0xaaaae2824fb0] Opening '/config/cache/transcodes/9bfd5e741183fcd121689ef9ac7563ea834.mp4' for writing
frame=120166 fps=833 q=-1.0 size=N/A time=01:23:03.36 bitrate=N/A speed=34.5x elapsed=0:02:24.28    
[hls @ 0xaaaae2824fb0] Opening '/config/cache/transcodes/9bfd5e741183fcd121689ef9ac7563ea835.mp4' for writing
[hls @ 0xaaaae2824fb0] Opening '/config/cache/transcodes/9bfd5e741183fcd121689ef9ac7563ea836.mp4' for writing
[hls @ 0xaaaae2824fb0] Opening '/config/cache/transcodes/9bfd5e741183fcd121689ef9ac7563ea837.mp4' for writing
[hls @ 0xaaaae2824fb0] Opening '/config/cache/transcodes/9bfd5e741183fcd121689ef9ac7563ea838.mp4' for writing
frame=120850 fps=835 q=-1.0 size=N/A time=01:23:31.86 bitrate=N/A speed=34.6x elapsed=0:02:24.78    
[hls @ 0xaaaae2824fb0] Opening '/config/cache/transcodes/9bfd5e741183fcd121689ef9ac7563ea839.mp4' for writing
[hls @ 0xaaaae2824fb0] Opening '/config/cache/transcodes/9bfd5e741183fcd121689ef9ac7563ea840.mp4' for writing
[hls @ 0xaaaae2824fb0] Opening '/config/cache/transcodes/9bfd5e741183fcd121689ef9ac7563ea841.mp4' for writing
[hls @ 0xaaaae2824fb0] Opening '/config/cache/transcodes/9bfd5e741183fcd121689ef9ac7563ea842.mp4' for writing
frame=121423 fps=836 q=-1.0 size=N/A time=01:23:55.66 bitrate=N/A speed=34.7x elapsed=0:02:25.28    
[hls @ 0xaaaae2824fb0] Opening '/config/cache/transcodes/9bfd5e741183fcd121689ef9ac7563ea843.mp4' for writing
[hls @ 0xaaaae2824fb0] Opening '/config/cache/transcodes/9bfd5e741183fcd121689ef9ac7563ea844.mp4' for writing
[hls @ 0xaaaae2824fb0] Opening '/config/cache/transcodes/9bfd5e741183fcd121689ef9ac7563ea845.mp4' for writing
[hls @ 0xaaaae2824fb0] Opening '/config/cache/transcodes/9bfd5e741183fcd121689ef9ac7563ea846.mp4' for writing
frame=121932 fps=836 q=-1.0 size=N/A time=01:24:16.87 bitrate=N/A speed=34.7x elapsed=0:02:25.78    
[hls @ 0xaaaae2824fb0] Opening '/config/cache/transcodes/9bfd5e741183fcd121689ef9ac7563ea847.mp4' for writing
[hls @ 0xaaaae2824fb0] Opening '/config/cache/transcodes/9bfd5e741183fcd121689ef9ac7563ea848.mp4' for writing
[hls @ 0xaaaae2824fb0] Opening '/config/cache/transcodes/9bfd5e741183fcd121689ef9ac7563ea849.mp4' for writing
[hls @ 0xaaaae2824fb0] Opening '/config/cache/transcodes/9bfd5e741183fcd121689ef9ac7563ea850.mp4' for writing
frame=122540 fps=838 q=-1.0 size=N/A time=01:24:42.13 bitrate=N/A speed=34.7x elapsed=0:02:26.28    
[hls @ 0xaaaae2824fb0] Opening '/config/cache/transcodes/9bfd5e741183fcd121689ef9ac7563ea851.mp4' for writing
[hls @ 0xaaaae2824fb0] Opening '/config/cache/transcodes/9bfd5e741183fcd121689ef9ac7563ea852.mp4' for writing
[hls @ 0xaaaae2824fb0] Opening '/config/cache/transcodes/9bfd5e741183fcd121689ef9ac7563ea853.mp4' for writing
[hls @ 0xaaaae2824fb0] Opening '/config/cache/transcodes/9bfd5e741183fcd121689ef9ac7563ea854.mp4' for writing
[hls @ 0xaaaae2824fb0] Opening '/config/cache/transcodes/9bfd5e741183fcd121689ef9ac7563ea855.mp4' for writing
frame=123181 fps=839 q=-1.0 size=N/A time=01:25:08.90 bitrate=N/A speed=34.8x elapsed=0:02:26.78    
[hls @ 0xaaaae2824fb0] Opening '/config/cache/transcodes/9bfd5e741183fcd121689ef9ac7563ea856.mp4' for writing
[hls @ 0xaaaae2824fb0] Opening '/config/cache/transcodes/9bfd5e741183fcd121689ef9ac7563ea857.mp4' for writing
[hls @ 0xaaaae2824fb0] Opening '/config/cache/transcodes/9bfd5e741183fcd121689ef9ac7563ea858.mp4' for writing
[hls @ 0xaaaae2824fb0] Opening '/config/cache/transcodes/9bfd5e741183fcd121689ef9ac7563ea859.mp4' for writing
[hls @ 0xaaaae2824fb0] Opening '/config/cache/transcodes/9bfd5e741183fcd121689ef9ac7563ea860.mp4' for writing
[out#0/hls @ 0xaaaae26800c0] video:4159002KiB audio:161359KiB subtitle:0KiB other streams:0KiB global headers:0KiB muxing overhead: unknown
frame=123799 fps=841 q=-1.0 Lsize=N/A time=01:25:34.92 bitrate=N/A speed=34.9x elapsed=0:02:27.20    